Id,Label,timeset,indegree,outdegree,Degree,weighted indegree,weighted outdegree,Weighted Degree,Eccentricity,closnesscentrality,harmonicclosnesscentrality,betweenesscentrality,modularity_class,asdfasf
Tormay Cécile,Tormay Cécile,,0,19,238,0,19,19,2,0.568312,0.620202,0.006251,0,
Komáromi János,Komáromi János,,0,38,373,0,40,40,2,0.616055,0.688384,0.027418,1,
Aradi-Szabó István,Aradi-Szabó István,,0,3,54,0,6,6,3,0.512422,0.526263,0.000145,1,
Hekler Antal,Hekler Antal,,0,12,174,0,15,15,2,0.548173,0.587879,0.004658,0,
Vargha Gyula,Vargha Gyula,,0,19,202,0,24,24,2,0.556805,0.60202,0.003188,0,
Szekfű Gyula,Szekfű Gyula,,0,20,245,0,24,24,2,0.570605,0.623737,0.005291,0,
Nadányi Zoltán,Nadányi Zoltán,,0,1,19,0,1,1,3,0.449183,0.468687,0,0,
Mariay Ödön,Mariay Ödön,,0,38,337,0,46,46,2,0.602556,0.670202,0.013426,2,
Mészöly Gedeon,Mészöly Gedeon,,0,5,76,0,6,6,2,0.519958,0.538384,0.000281,0,
Molter Károly,Molter Károly,,0,1,19,0,1,1,3,0.449183,0.468687,0,0,
Berde Mária,Berde Mária,,0,2,43,0,2,2,3,0.500506,0.514815,0.000042,0,
Pauler Ákos,Pauler Ákos,,0,15,205,0,19,19,2,0.557746,0.603535,0.003382,0,
Horváth János,Horváth János,,0,18,222,0,22,22,2,0.56314,0.612121,0.003758,0,
Kodály Zoltán,Kodály Zoltán,,0,3,68,0,3,3,2,0.517782,0.534343,0.000243,0,
Kuncz Aladár,Kuncz Aladár,,0,3,68,0,4,4,3,0.509259,0.528956,0.000121,0,
Galamb Sándor,Galamb Sándor,,0,77,539,0,96,96,2,0.687023,0.772222,0.048963,0,
Szabó Miklós,Szabó Miklós,,0,6,99,0,6,6,2,0.526316,0.55,0.000509,0,
Brisits Frigyes,Brisits Frigyes,,0,35,373,0,39,39,2,0.616055,0.688384,0.018271,0,
Gragger Róbert,Gragger Róbert,,0,1,19,0,1,1,3,0.449183,0.468687,0,0,
Farkas Gyula,Farkas Gyula,,0,22,241,0,24,24,2,0.569293,0.621717,0.005665,0,
Boross Sándor,Boross Sándor,,0,1,27,0,2,2,3,0.488889,0.501515,0,0,
Graff Kálmán,Graff Kálmán,,0,1,27,0,2,2,3,0.488889,0.501515,0,0,
Kürthy György,Kürthy György,,0,1,27,0,1,1,3,0.488889,0.501515,0,0,
Zilahy Lajos,Zilahy Lajos,,0,5,109,0,5,5,2,0.529129,0.555051,0.000974,0,
Herczeg Ferenc,Herczeg Ferenc,,0,2,62,0,2,2,2,0.516163,0.531313,0.000096,0,
Bartóky József,Bartóky József,,0,9,121,0,9,9,3,0.526596,0.557576,0.000794,0,
Réz Gyula,Réz Gyula,,0,33,343,0,44,44,2,0.604765,0.673232,0.016853,3,
Csöndes Pál,Csöndes Pál,,0,2,43,0,2,2,3,0.510572,0.52138,0.000462,0,
Petrovics Elek,Petrovics Elek,,0,2,45,0,2,2,3,0.508736,0.520875,0.000183,0,
B. Podmaniczky Pálné,B. Podmaniczky Pálné,,0,1,27,0,1,1,3,0.488889,0.501515,0,0,
Balogh Jenő,Balogh Jenő,,0,1,27,0,1,1,3,0.488889,0.501515,0,0,
Tolnai Vilmos,Tolnai Vilmos,,0,30,283,0,38,38,2,0.583382,0.642929,0.007743,0,
Koszó János,Koszó János,,0,34,328,0,38,38,2,0.599274,0.665657,0.014148,0,
Lukcsics Pál,Lukcsics Pál,,0,4,87,0,4,4,3,0.5111,0.536532,0.000265,0,
Voinovich Géza,Voinovich Géza,,0,2,42,0,2,2,3,0.498992,0.513468,0.000031,0,
Hartmann János,Hartmann János,,0,25,261,0,33,33,2,0.575916,0.631818,0.006886,0,
Keleti Artúr,Keleti Artúr,,0,1,27,0,1,1,3,0.488889,0.501515,0,0,
Zsigmond Ferenc,Zsigmond Ferenc,,0,9,157,0,10,10,2,0.543061,0.579293,0.001852,0,
Rédey Tivadar,Rédey Tivadar,,0,123,775,0,163,163,2,0.821577,0.891414,0.158094,1,
Németh Gyula,Németh Gyula,,0,1,27,0,1,1,3,0.488889,0.501515,0,0,
Eckhardt Sándor,Eckhardt Sándor,,0,49,360,0,52,52,2,0.611111,0.681818,0.016992,4,
Kastner Jenő,Kastner Jenő,,0,14,183,0,15,15,3,0.544554,0.588889,0.002185,0,
Erdélyi József,Erdélyi József,,0,12,157,0,15,15,2,0.543061,0.579293,0.001754,1,
Kortsák Jenő,Kortsák Jenő,,0,5,77,0,5,5,3,0.512688,0.534175,0.000315,0,
Dóczy Jenő,Dóczy Jenő,,0,16,199,0,19,19,2,0.555867,0.600505,0.00301,0,
Vitnyédi Németh István,Vitnyédi Németh István,,0,11,185,0,11,11,2,0.551532,0.593434,0.002142,0,
Baros Gyula,Baros Gyula,,0,25,245,0,27,27,2,0.570605,0.623737,0.006142,0,
Vajthó László,Vajthó László,,0,40,414,0,44,44,2,0.632184,0.709091,0.030318,0,
Walther von Molo,Walther von Molo,,0,1,21,0,1,1,3,0.468085,0.484343,0,0,
Szávay Gyula és Géczy István,Szávay Gyula és Géczy István,,0,1,21,0,1,1,3,0.468085,0.484343,0,0,
Schmidt Henrik,Schmidt Henrik,,0,2,42,0,3,3,3,0.48913,0.506734,0.000024,2,
"Ölvedi László",Ölvedi László,,0,3,54,0,3,3,3,0.506653,0.522559,0.000081,0,
Gyallay Domokos,Gyallay Domokos,,0,18,225,0,19,19,2,0.564103,0.613636,0.004072,0,
Novák Sándor,Novák Sándor,,0,3,56,0,3,3,3,0.503817,0.52138,0.000049,0,
"Carton, Sidney","Carton, Sidney",,0,1,32,0,1,1,3,0.497738,0.509259,0,0,
Mészáros Sándor,Mészáros Sándor,,0,10,161,0,10,10,2,0.544255,0.581313,0.002742,1,
Szilárd János,Szilárd János,,0,11,128,0,11,11,3,0.528564,0.561111,0.000865,0,
Missik Endre,Missik Endre,,0,5,91,0,5,5,3,0.522427,0.544949,0.000356,0,
Kacsó Sándor,Kacsó Sándor,,0,5,98,0,5,5,2,0.526036,0.549495,0.000346,2,
Walter Gyula,Walter Gyula,,0,3,64,0,3,3,3,0.509259,0.527609,0.000092,0,
Pais Dezső,Pais Dezső,,0,13,154,0,14,14,3,0.536004,0.574242,0.001282,0,
Hertmann János,Hertmann János,,0,2,47,0,2,2,3,0.503305,0.518013,0.000046,0,
Czakó István,Czakó István,,0,3,61,0,3,3,3,0.508475,0.526094,0.000068,0,
Szinnyei Ferenc,Szinnyei Ferenc,,0,46,419,0,57,57,2,0.634209,0.711616,0.031623,3,
Mályusz Elemér,Mályusz Elemér,,0,20,221,0,20,20,2,0.56282,0.611616,0.004803,1,
"Ferrero, A.","Ferrero, A.",,0,1,32,0,1,1,3,0.497738,0.509259,0,0,
Vargha Zoltán,Vargha Zoltán,,0,2,55,0,2,2,3,0.512157,0.526431,0.00007,1,
Pigler Andor,Pigler Andor,,0,6,109,0,6,6,3,0.521327,0.550337,0.000504,0,
Torday Emil,Torday Emil,,0,4,84,0,4,4,3,0.514553,0.53771,0.000175,0,
Lendvai István,Lendvai István,,0,3,60,0,3,3,3,0.514553,0.52963,0.000385,7,
Jókay Lajos,Jókay Lajos,,0,2,44,0,2,2,3,0.491315,0.508923,0.000049,0,
Rozványi Vilmos,Rozványi Vilmos,,0,1,23,0,1,1,3,0.479419,0.493434,0,0,
Harmatzy-Simon Loránt,Harmatzy-Simon Loránt,,0,1,23,0,1,1,3,0.479419,0.493434,0,0,
Sík Sándor,Sík Sándor,,0,15,212,0,18,18,2,0.559955,0.607071,0.006643,0,
Tóth Géza,Tóth Géza,,0,1,23,0,1,1,3,0.479419,0.493434,0,0,
Szász Károly,Szász Károly,,0,2,47,0,2,2,3,0.509259,0.521886,0.000156,7,
Siklóssy Pál,Siklóssy Pál,,0,2,41,0,2,2,3,0.493519,0.509428,0.000047,0,
Oesterreich,Oesterreich,,0,1,23,0,1,1,3,0.479419,0.493434,0,0,
R.Hoffmann Mária,R.Hoffmann Mária,,0,1,23,0,1,1,3,0.479419,0.493434,0,0,
Megyeri József,Megyeri József,,0,11,140,0,11,11,3,0.529979,0.565993,0.001369,0,
Kapossy János,Kapossy János,,0,3,55,0,3,3,3,0.506394,0.522727,0.000088,0,
Rácz Lajos,Rácz Lajos,,0,4,68,0,4,4,3,0.512157,0.530808,0.000223,0,
Komjáthy Aladár,Komjáthy Aladár,,0,3,56,0,3,3,2,0.514553,0.528283,0.000085,4,
Balogh Endre,Balogh Endre,,0,2,48,0,2,2,3,0.503561,0.518519,0.000042,0,
Csapody István,Csapody István,,0,1,28,0,1,1,3,0.486965,0.500505,0,0,
Vargha Gyuláné,Vargha Gyuláné,,0,1,28,0,1,1,3,0.486965,0.500505,0,0,
Vályi Nagy Géza,Vályi Nagy Géza,,0,8,153,0,9,9,2,0.541872,0.577273,0.00346,3,
Ujfalusi László,Ujfalusi László,,0,4,85,0,4,4,2,0.522427,0.542929,0.000301,4,
Schultz Dóra,Schultz Dóra,,0,1,28,0,1,1,3,0.486965,0.500505,0,0,
Sági István,Sági István,,0,1,28,0,1,1,3,0.486965,0.500505,0,0,
Nagy Lajos,Nagy Lajos,,0,4,65,0,4,4,3,0.505876,0.525758,0.000133,0,
Szentgyörgyi Czeke Vilma,Szentgyörgyi Czeke Vilma,,0,2,52,0,2,2,3,0.501774,0.518687,0.000051,2,
Dékány István,Dékány István,,0,4,77,0,4,4,3,0.517782,0.537374,0.000367,5,
Marton Boldizsár,Marton Boldizsár,,0,1,28,0,1,1,3,0.486965,0.500505,0,0,
Toldy László,Toldy László,,0,2,55,0,2,2,3,0.498489,0.517508,0.000051,0,
Pauler Tivadar,Pauler Tivadar,,0,1,36,0,1,1,3,0.488889,0.504545,0,0,
Surányi Miklós,Surányi Miklós,,0,18,213,0,19,19,2,0.560272,0.607576,0.003283,2,
"Áprily Lajos",Áprily Lajos,,0,19,221,0,25,25,2,0.56282,0.611616,0.004138,2,
Moór Gyula,Moór Gyula,,0,2,51,0,2,2,3,0.496241,0.514646,0.000084,0,
Fáy Aladár,Fáy Aladár,,0,2,50,0,2,2,3,0.501012,0.517508,0.000057,0,
Csanády György,Csanády György,,0,1,36,0,1,1,3,0.488889,0.504545,0,0,
Tárnai István,Tárnai István,,0,1,36,0,1,1,3,0.488889,0.504545,0,0,
Csűrös Zoltán,Csűrös Zoltán,,0,3,69,0,3,3,3,0.516432,0.533838,0.000262,0,
Fest Sándor,Fest Sándor,,0,1,36,0,1,1,3,0.488889,0.504545,0,0,
Klebelsberg Kunó,Klebelsberg Kunó,,0,5,99,0,5,5,3,0.51914,0.545623,0.000598,0,
Tóth Béla,Tóth Béla,,0,8,138,0,8,8,2,0.537459,0.569697,0.001058,0,
Gopcsa László,Gopcsa László,,0,1,36,0,1,1,3,0.488889,0.504545,0,0,
Kerecsényi Dezső,Kerecsényi Dezső,,0,34,326,0,35,35,2,0.598549,0.664646,0.014072,5,
Simon Balázs,Simon Balázs,,0,1,36,0,1,1,3,0.488889,0.504545,0,0,
Szarka Géza,Szarka Géza,,0,12,200,0,15,15,2,0.55618,0.60101,0.002825,0,
Fábián Ernő,Fábián Ernő,,0,1,36,0,1,1,3,0.488889,0.504545,0,0,
Szabó István Andor,Szabó István Andor,,0,1,36,0,1,1,3,0.488889,0.504545,0,0,
Felvinczi Takács Zoltán,Felvinczi Takács Zoltán,,0,5,97,0,5,5,2,0.525757,0.54899,0.000839,4,
Virányi Elemér,Virányi Elemér,,0,6,130,0,6,6,2,0.535135,0.565657,0.001044,5,
Vida Péter,Vida Péter,,0,10,119,0,10,10,3,0.528,0.557744,0.001036,0,
Szigethy Ferenc,Szigethy Ferenc,,0,1,19,0,1,1,3,0.47619,0.489731,0,0,
Szerb Kristóf Antal,Szerb Kristóf Antal,,0,1,19,0,1,1,3,0.47619,0.489731,0,0,
Szennyei Ferenc,Szennyei Ferenc,,0,3,46,0,3,3,3,0.497988,0.514141,0.000063,0,
Müller Lipót,Müller Lipót,,0,10,134,0,11,11,3,0.532258,0.56532,0.001184,0,
Dr. Kristóf György,Dr. Kristóf György,,0,1,19,0,1,1,3,0.47619,0.489731,0,0,
Fehér Géza,Fehér Géza,,0,1,19,0,1,1,3,0.47619,0.489731,0,0,
Bardócz Árpád,Bardócz Árpád,,0,9,132,0,9,9,2,0.535714,0.566667,0.002667,0,
"Birmingham, George A.","Birmingham, George A.",,0,2,36,0,2,2,3,0.492537,0.507071,0.000012,0,
Gulyás Sándor,Gulyás Sándor,,0,18,193,0,22,22,2,0.554001,0.597475,0.002585,2,
Szent-Tamási Alma,Szent-Tamási Alma,,0,1,23,0,1,1,3,0.47803,0.492424,0,0,
Vértessy Gyula,Vértessy Gyula,,0,1,23,0,1,1,3,0.47803,0.492424,0,0,
Szentgyörgyi Ferenc,Szentgyörgyi Ferenc,,0,1,23,0,1,1,3,0.47803,0.492424,0,0,
Rolla Margit,Rolla Margit,,0,4,85,0,5,5,2,0.522427,0.542929,0.000613,2,
Forbáth Sándor,Forbáth Sándor,,0,1,23,0,1,1,3,0.47803,0.492424,0,0,
Domanovszky Sándor,Domanovszky Sándor,,0,1,23,0,1,1,3,0.47803,0.492424,0,0,
Dr. Török Pál,Dr. Török Pál,,0,1,23,0,1,1,3,0.47803,0.492424,0,0,
Németh Sándor,Németh Sándor,,0,4,60,0,5,5,3,0.50433,0.523064,0.000141,0,
Thirring Gusztávné Waisbecker Irén,Thirring Gusztávné Waisbecker Irén,,0,1,23,0,1,1,3,0.47803,0.492424,0,0,
Ritoók Zsigmond,Ritoók Zsigmond,,0,2,30,0,2,2,3,0.499748,0.509933,0.00005,0,
Tarnai István,Tarnai István,,0,2,31,0,2,2,3,0.493766,0.506229,0.000027,0,
Podmaniczky Pálné,Podmaniczky Pálné,,0,1,18,0,1,1,3,0.479651,0.491919,0,0,
Rissányi József,Rissányi József,,0,1,18,0,1,1,3,0.479651,0.491919,0,0,
Császár Elemér,Császár Elemér,,0,1,18,0,1,1,3,0.479651,0.491919,0,0,
Tamás József,Tamás József,,0,1,18,0,1,1,3,0.479651,0.491919,0,0,
Ambrózy Ágoston,Ambrózy Ágoston,,0,5,81,0,5,5,3,0.519958,0.540067,0.001274,7,
Előd Marcel,Előd Marcel,,0,1,19,0,1,1,3,0.47642,0.489899,0,0,
Nagy Emma,Nagy Emma,,0,14,170,0,17,17,2,0.546961,0.585859,0.004546,4,
Szikoray Sándor,Szikoray Sándor,,0,2,35,0,2,2,3,0.505618,0.515488,0.000061,4,
Kéky Lajos,Kéky Lajos,,0,6,88,0,8,8,3,0.517512,0.540909,0.00031,0,
Dr. Weszely Ödön,Dr. Weszely Ödön,,0,1,19,0,1,1,3,0.47642,0.489899,0,0,
Remport Elek,Remport Elek,,0,1,19,0,1,1,3,0.47642,0.489899,0,0,
Dobosi Pécsi Mária,Dobosi Pécsi Mária,,0,1,19,0,1,1,3,0.47642,0.489899,0,0,
Szentmihályi Valéria,Szentmihályi Valéria,,0,1,26,0,1,1,3,0.480349,0.495118,0,0,
Jakab Géza,Jakab Géza,,0,2,41,0,3,3,3,0.494259,0.509933,0.000029,0,
Gál János,Gál János,,0,14,190,0,16,16,2,0.553073,0.59596,0.00257,2,
Illy János,Illy János,,0,1,26,0,1,1,3,0.480349,0.495118,0,0,
Melich János,Melich János,,0,1,26,0,1,1,3,0.480349,0.495118,0,0,
Vöröss József,Vöröss József,,0,4,80,0,4,4,3,0.520779,0.540236,0.000298,0,
"Árvay János",Árvay János,,0,4,87,0,4,4,3,0.521053,0.542761,0.000259,2,
Oroszlán Zoltán,Oroszlán Zoltán,,0,6,104,0,6,6,3,0.526036,0.551515,0.000532,0,
Balogh Jolán,Balogh Jolán,,0,1,26,0,1,1,3,0.480349,0.495118,0,0,
Buday László,Buday László,,0,1,22,0,1,1,3,0.482927,0.495623,0,0,
Mayer Konrád Ferdinánd,Mayer Konrád Ferdinánd,,0,1,22,0,1,1,3,0.482927,0.495623,0,0,
Moravcsik Gyuláné,Moravcsik Gyuláné,,0,1,22,0,1,1,3,0.482927,0.495623,0,0,
Miskolczy Gyula,Miskolczy Gyula,,0,8,104,0,9,9,2,0.527719,0.552525,0.000636,0,
Buday Károly,Buday Károly,,0,1,22,0,1,1,3,0.482927,0.495623,0,0,
Aino Kallas,Aino Kallas,,0,1,22,0,1,1,3,0.482927,0.495623,0,0,
Tamási Áron,Tamási Áron,,0,9,135,0,9,9,2,0.536585,0.568182,0.001,1,
Havas István,Havas István,,0,7,111,0,7,7,2,0.529695,0.556061,0.000657,3,
Trócsányi Zoltán,Trócsányi Zoltán,,0,1,21,0,1,1,3,0.486965,0.498148,0,0,
Mihály László,Mihály László,,0,21,263,0,29,29,2,0.576587,0.632828,0.010672,7,
Tharaud János - Tharaud Jeromos,Tharaud János - Tharaud Jeromos,,0,3,46,0,3,3,3,0.502028,0.516835,0.000077,0,
Berend Miklósné,Berend Miklósné,,0,1,21,0,1,1,3,0.486965,0.498148,0,0,
Leffler Béla,Leffler Béla,,0,3,51,0,3,3,2,0.513219,0.525758,0.00008,1,
Kutas Kálmán,Kutas Kálmán,,0,3,58,0,3,3,3,0.510836,0.526599,0.000178,3,
Mécs László,Mécs László,,0,42,381,0,53,53,2,0.619137,0.692424,0.023223,2,
Porkoláb István,Porkoláb István,,0,1,22,0,1,1,3,0.456642,0.475758,0,0,
Szinnyei József,Szinnyei József,,0,1,22,0,1,1,3,0.456642,0.475758,0,0,
Horváth Károly,Horváth Károly,,0,9,135,0,9,9,3,0.536295,0.568013,0.001799,5,
Winkler Elemér,Winkler Elemér,,0,1,22,0,1,1,3,0.456642,0.475758,0,0,
Bédey Tivadar,Bédey Tivadar,,0,1,22,0,1,1,3,0.456642,0.475758,0,0,
Szilády Zoltán,Szilády Zoltán,,0,6,108,0,6,6,3,0.527157,0.553535,0.000543,2,
Szederkényi Anna,Szederkényi Anna,,0,5,104,0,5,5,2,0.527719,0.552525,0.000528,0,
Csekey István,Csekey István,,0,1,22,0,1,1,3,0.456642,0.475758,0,0,
Szamolányi Gyula,Szamolányi Gyula,,0,4,73,0,5,5,3,0.517241,0.53569,0.000208,2,
Jausz Béla,Jausz Béla,,0,1,17,0,1,1,3,0.464135,0.479966,0,0,
Lermontov,Lermontov,,0,1,17,0,1,1,3,0.464135,0.479966,0,0,
Székely Miklós,Székely Miklós,,0,9,114,0,9,9,3,0.524642,0.55404,0.000517,0,
Berecz Dezső,Berecz Dezső,,0,3,50,0,3,3,3,0.502538,0.518519,0.000065,4,
Framantik Margit,Framantik Margit,,0,1,17,0,1,1,3,0.486486,0.496465,0,0,
Reményik Sándor,Reményik Sándor,,0,36,349,0,58,58,2,0.60699,0.676263,0.016875,2,
Nagy József,Nagy József,,0,5,90,0,5,5,2,0.52381,0.545455,0.000298,0,
Horváth Henrik,Horváth Henrik,,0,3,54,0,3,3,3,0.512422,0.526263,0.000074,1,
R. Berde Mária,R. Berde Mária,,0,7,106,0,7,7,3,0.528,0.553367,0.000717,0,
T. Hallósy Márta,T. Hallósy Márta,,0,2,41,0,2,2,3,0.499495,0.513468,0.000023,3,
Szombathy István,Szombathy István,,0,1,22,0,1,1,3,0.490585,0.50101,0,0,
Weber Artur,Weber Artur,,0,1,22,0,1,1,3,0.490585,0.50101,0,0,
Fekete Lajos,Fekete Lajos,,0,8,109,0,8,8,2,0.529129,0.555051,0.000672,1,
Hanuszik Elemér,Hanuszik Elemér,,0,2,34,0,2,2,3,0.495744,0.508586,0.000026,0,
Lukinich Imre,Lukinich Imre,,0,3,56,0,3,3,3,0.507432,0.523737,0.000164,0,
Willant Rezső,Willant Rezső,,0,3,56,0,3,3,3,0.50536,0.522391,0.000065,0,
Terescsényi György,Terescsényi György,,0,4,61,0,4,4,3,0.512688,0.528788,0.000135,2,
Bartoniek Emma,Bartoniek Emma,,0,2,38,0,2,2,3,0.497487,0.511111,0.000018,0,
Gulyás Pál,Gulyás Pál,,0,29,245,0,41,41,2,0.570605,0.623737,0.006501,4,
Brucknerné Farkas Gizella,Brucknerné Farkas Gizella,,0,2,35,0,2,2,3,0.500253,0.511953,0.000022,4,
Hajnal István,Hajnal István,,0,16,186,0,16,16,2,0.551839,0.593939,0.002496,2,
Kornis Gyula,Kornis Gyula,,0,10,131,0,10,10,2,0.535425,0.566162,0.001416,1,
Dézsi Lajos,Dézsi Lajos,,0,1,18,0,1,1,3,0.481283,0.493098,0,0,
Papp Viktor,Papp Viktor,,0,36,323,0,46,46,2,0.597465,0.663131,0.009749,2,
Galamb Sándor - Rédey Tivadar,Galamb Sándor - Rédey Tivadar,,0,6,81,0,6,6,3,0.518053,0.538889,0.00031,3,
Kosáryné Réz Lola,Kosáryné Réz Lola,,0,1,15,0,1,1,3,0.472554,0.48569,0,3,
Darnay Kálmán,Darnay Kálmán,,0,1,15,0,1,1,3,0.472554,0.48569,0,3,
Lovász Pál,Lovász Pál,,0,3,57,0,3,3,3,0.511628,0.526768,0.000085,3,
Lám Frigyes,Lám Frigyes,,0,2,51,0,2,2,3,0.510572,0.524074,0.000049,2,
Németh Károly,Németh Károly,,0,1,25,0,1,1,3,0.486965,0.499495,0,0,
Szentiványi Gyula,Szentiványi Gyula,,0,1,25,0,1,1,3,0.486965,0.499495,0,0,
Várady Imre,Várady Imre,,0,3,56,0,3,3,3,0.513752,0.527778,0.000121,0,
Csengery János,Csengery János,,0,1,25,0,1,1,3,0.486965,0.499495,0,0,
Kosztolánszky István,Kosztolánszky István,,0,1,25,0,1,1,3,0.492048,0.50303,0,0,
Lux Kálmán,Lux Kálmán,,0,1,25,0,1,1,3,0.492048,0.50303,0,0,
Szánthó Dénes,Szánthó Dénes,,0,3,54,0,3,3,3,0.511892,0.525926,0.000124,1,
Velezdi Mihály,Velezdi Mihály,,0,8,122,0,8,8,2,0.532831,0.561616,0.000769,0,
"Lindberg, Nils-Herman","Lindberg, Nils-Herman",,0,1,25,0,1,1,3,0.492048,0.50303,0,0,
Makkai Sándor,Makkai Sándor,,0,5,76,0,6,6,3,0.516701,0.536364,0.000193,3,
Barcsai-Fehér Géza,Barcsai-Fehér Géza,,0,1,25,0,1,1,3,0.487685,0.5,0,3,
Horváth Endre,Horváth Endre,,0,1,25,0,1,1,3,0.487685,0.5,0,3,
"Rákosi Jenő, a hírlapíró","Rákosi Jenő, a hírlapíró",,0,1,25,0,1,1,3,0.487685,0.5,0,3,
Farkas Zoltán,Farkas Zoltán,,0,30,228,0,39,39,2,0.565068,0.615152,0.005222,4,
Zsoldos Benő,Zsoldos Benő,,0,2,40,0,2,2,3,0.499748,0.5133,0.000021,3,
Czeke Marianne - Ritoók Emma,Czeke Marianne - Ritoók Emma,,0,1,25,0,1,1,3,0.487685,0.5,0,3,
R. Kozma Ilona,R. Kozma Ilona,,0,12,158,0,13,13,2,0.543359,0.579798,0.001948,4,
Páthi Ferenc,Páthi Ferenc,,0,1,25,0,1,1,3,0.479419,0.494108,0,0,
Váczy József,Váczy József,,0,4,63,0,4,4,2,0.516432,0.531818,0.000375,5,
Erdődy Elek,Erdődy Elek,,0,2,46,0,2,2,3,0.498741,0.514646,0.000027,0,
Labancz Ida,Labancz Ida,,0,1,25,0,1,1,3,0.479419,0.494108,0,0,
Zlinszky Aladár,Zlinszky Aladár,,0,6,104,0,7,7,2,0.527719,0.552525,0.000426,2,
Balogh László,Balogh László,,0,1,25,0,1,1,3,0.479419,0.494108,0,0,
Medveczky Károly,Medveczky Károly,,0,2,46,0,2,2,3,0.498741,0.514646,0.000027,0,
Remányik Sándor,Remányik Sándor,,0,1,26,0,1,1,3,0.486486,0.499495,0,0,
Turchányi István,Turchányi István,,0,1,26,0,1,1,3,0.486486,0.499495,0,0,
Eckhart Ferenc,Eckhart Ferenc,,0,1,26,0,1,1,3,0.486486,0.499495,0,0,
Ijjas Jankovits Antal,Ijjas Jankovits Antal,,0,1,26,0,1,1,3,0.486486,0.499495,0,0,
Nagy Ferenc,Nagy Ferenc,,0,1,26,0,1,1,3,0.486486,0.499495,0,0,
Halász Gábor,Halász Gábor,,0,33,327,0,37,37,2,0.598911,0.665152,0.011986,2,
"Berg, Ruben G:son","Berg, Ruben G:son",,0,1,26,0,1,1,3,0.486486,0.499495,0,0,
Debreczeny Lili,Debreczeny Lili,,0,3,54,0,3,3,3,0.501012,0.518855,0.000046,0,
Tichy Kálmán,Tichy Kálmán,,0,5,73,0,5,5,2,0.51914,0.536869,0.000162,6,
Nikodemusz Károly,Nikodemusz Károly,,0,3,47,0,3,3,3,0.499244,0.51532,0.000036,0,
"Meyer, C. F.","Meyer, C. F.",,0,1,26,0,1,1,3,0.490099,0.50202,0,0,
Cs. Sebestyén Károly,Cs. Sebestyén Károly,,0,2,46,0,2,2,3,0.499748,0.51532,0.000017,0,
Kerényi György,Kerényi György,,0,6,112,0,6,6,2,0.529979,0.556566,0.000422,2,
Bognár Cecil,Bognár Cecil,,0,4,85,0,4,4,3,0.520779,0.541919,0.000861,7,
Nagy J. Béla,Nagy J. Béla,,0,3,69,0,3,3,3,0.515357,0.533165,0.000136,3,
Németh László,Németh László,,0,45,284,0,64,64,2,0.583726,0.643434,0.009035,4,
Barta János,Barta János,,0,1,26,0,1,1,3,0.490099,0.50202,0,0,
Török Sophie,Török Sophie,,0,1,20,0,1,1,3,0.485056,0.496465,0,2,
Sipos Domokos,Sipos Domokos,,0,3,56,0,3,3,3,0.508997,0.524747,0.000067,2,
Mesterházy Tibor,Mesterházy Tibor,,0,1,20,0,1,1,3,0.485056,0.496465,0,2,
Kozáky István,Kozáky István,,0,1,20,0,1,1,3,0.485056,0.496465,0,2,
Szabó Mária,Szabó Mária,,0,10,136,0,10,10,2,0.536876,0.568687,0.001149,3,
Túrmezei László,Túrmezei László,,0,1,20,0,1,1,3,0.446348,0.466667,0,3,
Hóman Bálint,Hóman Bálint,,0,2,38,0,2,2,3,0.506653,0.517172,0.000085,3,
Bárány Gerő,Bárány Gerő,,0,2,41,0,2,2,3,0.486726,0.504714,0.000061,3,
George Birmingham,George Birmingham,,0,1,20,0,1,1,3,0.446348,0.466667,0,3,
Gáspár Jenő,Gáspár Jenő,,0,4,77,0,4,4,3,0.518596,0.537879,0.000236,3,
Balassa Sándor,Balassa Sándor,,0,1,20,0,1,1,3,0.446348,0.466667,0,3,
P. Gulácsy Irén,P. Gulácsy Irén,,0,1,27,0,1,1,3,0.492537,0.50404,0,0,
Rimpek Jenő,Rimpek Jenő,,0,1,27,0,1,1,3,0.492537,0.50404,0,0,
Szathmáry István,Szathmáry István,,0,1,27,0,1,1,3,0.492537,0.50404,0,0,
P. Pál Ödön,P. Pál Ödön,,0,1,27,0,1,1,3,0.492537,0.50404,0,0,
Bárdy Dezső,Bárdy Dezső,,0,1,27,0,1,1,3,0.492537,0.50404,0,0,
Haraszthy Lajos,Haraszthy Lajos,,0,3,43,0,3,3,3,0.509521,0.520707,0.000062,4,
B. Medveczky Bella,B. Medveczky Bella,,0,1,20,0,1,1,3,0.485532,0.496801,0,0,
Kereszthegyi Tamás,Kereszthegyi Tamás,,0,1,20,0,1,1,3,0.485532,0.496801,0,0,
Hajnóczy Iván,Hajnóczy Iván,,0,3,62,0,3,3,3,0.514553,0.530303,0.000302,2,
Mács László,Mács László,,0,1,27,0,1,1,3,0.489614,0.50202,0,0,
Dallos Sándor,Dallos Sándor,,0,15,208,0,15,15,2,0.558691,0.605051,0.004066,1,
Farkas Gulya,Farkas Gulya,,0,1,27,0,1,1,3,0.489614,0.50202,0,0,
Bölcskey Ödön,Bölcskey Ödön,,0,1,27,0,1,1,3,0.489614,0.50202,0,0,
Szabó Zsigmond,Szabó Zsigmond,,0,1,27,0,1,1,3,0.489614,0.50202,0,0,
Budai Gábor,Budai Gábor,,0,1,27,0,1,1,3,0.489614,0.50202,0,0,
Kiss Lajos,Kiss Lajos,,0,1,27,0,1,1,3,0.489614,0.50202,0,0,
Nagy Péter,Nagy Péter,,0,1,26,0,1,1,3,0.490099,0.50202,0,3,
Benyovszky László,Benyovszky László,,0,1,26,0,1,1,3,0.490099,0.50202,0,3,
Dénes Gizella,Dénes Gizella,,0,3,61,0,3,3,3,0.515625,0.53064,0.000275,3,
Benyovszky Pál,Benyovszky Pál,,0,1,26,0,1,1,3,0.490099,0.50202,0,3,
Eckhardt Ferenc,Eckhardt Ferenc,,0,1,26,0,1,1,3,0.490099,0.50202,0,3,
Szelényi Ödön,Szelényi Ödön,,0,2,51,0,2,2,3,0.504587,0.520202,0.000051,3,
Fábián István,Fábián István,,0,67,571,0,81,81,2,0.702626,0.788384,0.079991,7,
Bartók György,Bartók György,,0,1,26,0,1,1,3,0.490099,0.50202,0,3,
Teleky Dezső,Teleky Dezső,,0,1,19,0,1,1,3,0.491559,0.500673,0,1,
Moravcsik Gyula,Moravcsik Gyula,,0,2,37,0,2,2,3,0.499748,0.51229,0.000026,4,
Szekfü Gyula,Szekfü Gyula,,0,1,28,0,1,1,3,0.490828,0.503199,0,0,
Sajó Sándor,Sajó Sándor,,0,6,94,0,6,6,3,0.524642,0.547306,0.000735,1,
B. Gy.,B. Gy.,,0,1,28,0,1,1,3,0.490828,0.503199,0,0,
Galgóczi György,Galgóczi György,,0,1,27,0,1,1,3,0.488889,0.501515,0,2,
Rédeyné Hoffmann Mária,Rédeyné Hoffmann Mária,,0,3,58,0,3,3,3,0.50433,0.522391,0.000069,2,
Szilágyi Dezső,Szilágyi Dezső,,0,1,27,0,1,1,3,0.488889,0.501515,0,2,
Dániel Géza,Dániel Géza,,0,2,57,0,2,2,3,0.508475,0.524747,0.000053,2,
Kazai Gyula,Kazai Gyula,,0,1,27,0,1,1,3,0.488889,0.501515,0,2,
Telepi Ákos,Telepi Ákos,,0,2,44,0,2,2,3,0.496739,0.512626,0.000021,2,
Könyves Gábor,Könyves Gábor,,0,1,27,0,1,1,3,0.488889,0.501515,0,2,
Panzini,Panzini,,0,1,27,0,1,1,3,0.488889,0.501515,0,2,
Tamás Lajos,Tamás Lajos,,0,3,64,0,3,3,3,0.515357,0.531481,0.000519,7,
Falu Tamás,Falu Tamás,,0,32,298,0,49,49,2,0.588585,0.650505,0.011705,5,
Kilián Zoltán,Kilián Zoltán,,0,31,301,0,38,38,2,0.589637,0.65202,0.013775,4,
Gondivi,Gondivi,,0,1,23,0,1,1,3,0.489614,0.500673,0,0,
Szomory Dezső,Szomory Dezső,,0,1,23,0,1,1,3,0.489614,0.500673,0,0,
Erdélyi Lajos,Erdélyi Lajos,,0,1,23,0,1,1,3,0.489614,0.500673,0,0,
Várkonyi Nándor,Várkonyi Nándor,,0,2,42,0,2,2,3,0.507432,0.519024,0.00003,2,
Harsányi Kálmán,Harsányi Kálmán,,0,1,28,0,1,1,3,0.489614,0.502357,0,2,
Török Pál,Török Pál,,0,22,245,0,24,24,2,0.570605,0.623737,0.005601,4,
Haitsch Ilona,Haitsch Ilona,,0,3,56,0,3,3,3,0.508475,0.524411,0.000065,2,
Halmay Barna,Halmay Barna,,0,1,28,0,1,1,3,0.489614,0.502357,0,2,
Várkonyi Hildebrand,Várkonyi Hildebrand,,0,1,28,0,1,1,3,0.489614,0.502357,0,2,
Szerb Antal,Szerb Antal,,0,10,157,0,11,11,2,0.543061,0.579293,0.001242,2,
Nagy Margit,Nagy Margit,,0,1,28,0,1,1,3,0.489614,0.502357,0,2,
Bibó Lajos,Bibó Lajos,,0,23,229,0,24,24,2,0.565391,0.615657,0.004276,2,
Alszeghy Zsolt,Alszeghy Zsolt,,0,2,44,0,2,2,3,0.50536,0.51835,0.000039,2,
Marczell Ágoston,Marczell Ágoston,,0,1,27,0,1,1,3,0.5,0.509091,0,2,
Reményi József,Reményi József,,0,1,27,0,1,1,3,0.5,0.509091,0,2,
Bartucz Lajos,Bartucz Lajos,,0,1,27,0,1,1,3,0.5,0.509091,0,2,
Tóth László,Tóth László,,0,4,85,0,4,4,3,0.520779,0.541919,0.00063,7,
"Ózdy Béla",Ózdy Béla,,0,1,27,0,1,1,3,0.5,0.509091,0,2,
Hajdu Elek,Hajdu Elek,,0,1,27,0,1,1,3,0.5,0.509091,0,2,
Máriássy Mihályné Szemere Katalin,Máriássy Mihályné Szemere Katalin,,0,1,27,0,1,1,3,0.490099,0.502357,0,0,
Sipos Domonkos,Sipos Domonkos,,0,2,38,0,2,2,3,0.503817,0.51532,0.000037,0,
Bardócz Ádám,Bardócz Ádám,,0,1,27,0,1,1,3,0.490099,0.502357,0,0,
Hevesy M. Angelica,Hevesy M. Angelica,,0,1,27,0,1,1,3,0.490099,0.502357,0,0,
Szőnyi Sándor,Szőnyi Sándor,,0,4,83,0,4,4,3,0.518868,0.540067,0.000218,2,
Gombocz Endre,Gombocz Endre,,0,1,27,0,1,1,3,0.490099,0.502357,0,0,
Weöres Gyula,Weöres Gyula,,0,1,27,0,1,1,3,0.490099,0.502357,0,0,
Gáspár Pál,Gáspár Pál,,0,3,68,0,3,3,3,0.513219,0.531481,0.000132,3,
Somssich Andor,Somssich Andor,,0,2,53,0,2,2,3,0.507692,0.522896,0.000038,2,
Kodolányi János,Kodolányi János,,0,8,89,0,9,9,2,0.523533,0.544949,0.000335,4,
Alapi Nándor,Alapi Nándor,,0,1,25,0,1,1,3,0.465663,0.483838,0,2,
Arrigo Solmi,Arrigo Solmi,,0,1,25,0,1,1,3,0.465663,0.483838,0,2,
Marlay Ödön,Marlay Ödön,,0,2,53,0,2,2,3,0.507692,0.522896,0.000038,2,
Gaál Sándor,Gaál Sándor,,0,5,85,0,5,5,2,0.522427,0.542929,0.000319,2,
Simay Caesar,Simay Caesar,,0,3,72,0,4,4,3,0.515088,0.534007,0.000131,2,
Környey Paula,Környey Paula,,0,1,23,0,1,1,3,0.483163,0.496128,0,2,
Oláh György,Oláh György,,0,1,23,0,1,1,3,0.483163,0.496128,0,2,
Oesterreich T. K.,Oesterreich T. K.,,0,1,23,0,1,1,3,0.483163,0.496128,0,2,
Brehm Alfréd,Brehm Alfréd,,0,1,23,0,1,1,3,0.483163,0.496128,0,2,
Somfay Margit,Somfay Margit,,0,1,38,0,1,1,3,0.5,0.512795,0,2,
Máriássyné Szemere Katinka,Máriássyné Szemere Katinka,,0,1,38,0,1,1,3,0.5,0.512795,0,2,
Majthényi György,Majthényi György,,0,50,399,0,63,63,2,0.626186,0.701515,0.026736,4,
C. H. Becker,C. H. Becker,,0,1,38,0,1,1,3,0.5,0.512795,0,2,
"Tronchon, Henri","Tronchon, Henri",,0,1,38,0,1,1,3,0.5,0.512795,0,2,
Sándor András,Sándor András,,0,1,38,0,1,1,3,0.5,0.512795,0,2,
Keleti Géza,Keleti Géza,,0,1,38,0,1,1,3,0.5,0.512795,0,2,
Keller Imre,Keller Imre,,0,1,38,0,1,1,3,0.5,0.512795,0,2,
Pákozdy Ferenc,Pákozdy Ferenc,,0,1,38,0,1,1,3,0.5,0.512795,0,2,
Kardeván Károly,Kardeván Károly,,0,6,104,0,6,6,2,0.527719,0.552525,0.000766,2,
"Pierron, Sander","Pierron, Sander",,0,2,56,0,2,2,3,0.511364,0.526263,0.000059,2,
Kolozs Pál,Kolozs Pál,,0,3,66,0,3,3,3,0.515357,0.532155,0.0002,3,
Pivány Jenő,Pivány Jenő,,0,1,31,0,1,1,3,0.48913,0.50303,0,3,
Barna Gyula,Barna Gyula,,0,1,31,0,1,1,3,0.48913,0.50303,0,3,
Ballai Károly,Ballai Károly,,0,1,31,0,1,1,3,0.48913,0.50303,0,3,
Lelkes Nándor József,Lelkes Nándor József,,0,1,31,0,1,1,3,0.48913,0.50303,0,3,
László Vince,László Vince,,0,2,48,0,2,2,3,0.507953,0.52138,0.000034,2,
Borbély István,Borbély István,,0,1,31,0,1,1,3,0.48913,0.50303,0,3,
Békássy Istvánné- Bezerédy Emma,Békássy Istvánné- Bezerédy Emma,,0,1,31,0,1,1,3,0.503305,0.512626,0,2,
Agyagfalvi Hegyi István,Agyagfalvi Hegyi István,,0,7,110,0,7,7,2,0.529412,0.555556,0.000473,2,
Fáy Ilona,Fáy Ilona,,0,2,47,0,2,2,2,0.512157,0.523737,0.000082,2,
Farkass Jenő,Farkass Jenő,,0,1,31,0,1,1,3,0.503305,0.512626,0,2,
Hatvany Lili,Hatvany Lili,,0,1,31,0,1,1,3,0.503305,0.512626,0,2,
Rodionov Iván,Rodionov Iván,,0,1,31,0,1,1,3,0.503305,0.512626,0,2,
Bártfay Szabó László,Bártfay Szabó László,,0,1,31,0,1,1,3,0.503305,0.512626,0,2,
Várdai Béla,Várdai Béla,,0,1,31,0,1,1,3,0.503305,0.512626,0,2,
Hory Etelka,Hory Etelka,,0,8,106,0,9,9,2,0.528282,0.553535,0.002441,6,
Miklós Jenő,Miklós Jenő,,0,1,26,0,1,1,3,0.498489,0.507744,0,2,
Pásztor József,Pásztor József,,0,1,26,0,1,1,3,0.498489,0.507744,0,2,
Kövér Erzsébet,Kövér Erzsébet,,0,4,73,0,4,4,2,0.51914,0.536869,0.00032,2,
Berényi László,Berényi László,,0,3,44,0,3,3,3,0.508997,0.520707,0.000042,2,
Simon Lajos,Simon Lajos,,0,1,26,0,1,1,3,0.498489,0.507744,0,2,
Trócsányi György,Trócsányi György,,0,1,26,0,1,1,3,0.498489,0.507744,0,2,
Lőrinczy György,Lőrinczy György,,0,1,26,0,1,1,3,0.498489,0.507744,0,2,
M. Orsolya Mária,M. Orsolya Mária,,0,1,20,0,1,1,3,0.468528,0.484343,0,2,
Hory Erika,Hory Erika,,0,1,20,0,1,1,3,0.468528,0.484343,0,2,
Virágh Ferenc,Virágh Ferenc,,0,1,20,0,1,1,3,0.468528,0.484343,0,2,
Turcsányi Elek,Turcsányi Elek,,0,1,20,0,1,1,3,0.468528,0.484343,0,2,
Sóvári János,Sóvári János,,0,1,20,0,1,1,3,0.468528,0.484343,0,2,
Marconnay Tibor,Marconnay Tibor,,0,16,152,0,20,20,2,0.541575,0.576768,0.002092,4,
Tarczay Erzsébet,Tarczay Erzsébet,,0,2,43,0,2,2,2,0.5111,0.521717,0.000073,5,
Missik Erzsébet,Missik Erzsébet,,0,1,23,0,1,1,3,0.5,0.507744,0,2,
Kállay Miklós,Kállay Miklós,,0,29,304,0,32,32,2,0.590692,0.653535,0.013874,7,
Szegedi István,Szegedi István,,0,6,82,0,6,6,2,0.521602,0.541414,0.000289,4,
Szigetvári Iván,Szigetvári Iván,,0,1,23,0,1,1,3,0.5,0.507744,0,2,
Németh Antal,Németh Antal,,0,19,177,0,21,21,2,0.549085,0.589394,0.003918,4,
Thury Lajos,Thury Lajos,,0,16,156,0,18,18,2,0.542763,0.578788,0.001711,4,
Tóth Jolán,Tóth Jolán,,0,2,40,0,2,2,2,0.510309,0.520202,0.000033,6,
Nagy Sándor,Nagy Sándor,,0,3,52,0,4,4,2,0.513485,0.526263,0.000094,6,
"Leblanc, Georgette","Leblanc, Georgette",,0,1,21,0,1,1,3,0.501012,0.507744,0,6,
"Lemaître, Jules","Lemaître, Jules",,0,2,38,0,2,2,3,0.507172,0.517508,0.000027,1,
Szentkuthy Miklós,Szentkuthy Miklós,,0,10,111,0,11,11,2,0.529695,0.556061,0.000797,4,
Vucskits Jenő,Vucskits Jenő,,0,1,21,0,1,1,3,0.501012,0.507744,0,6,
Vásárhelyi Pákozdy Ferenc,Vásárhelyi Pákozdy Ferenc,,0,1,21,0,1,1,3,0.501012,0.507744,0,6,
Czóbel Minka,Czóbel Minka,,0,1,20,0,2,2,3,0.474138,0.488552,0,2,
Miskolczy István,Miskolczy István,,0,2,37,0,2,2,3,0.506394,0.516667,0.000113,7,
Fülöp Károly,Fülöp Károly,,0,1,20,0,1,1,3,0.474138,0.488552,0,2,
Phillips-Oppenheim E.,Phillips-Oppenheim E.,,0,1,20,0,1,1,3,0.474138,0.488552,0,2,
Valkó László,Valkó László,,0,2,35,0,2,2,3,0.505618,0.515488,0.000026,4,
Bognár Cecil Pál,Bognár Cecil Pál,,0,2,29,0,2,2,3,0.494012,0.505724,0.000018,2,
Finta Zoltán,Finta Zoltán,,0,1,18,0,1,1,3,0.489614,0.49899,0,2,
Dömötör Ilona,Dömötör Ilona,,0,7,109,0,7,7,2,0.529129,0.555051,0.000761,5,
Keleti Arthur,Keleti Arthur,,0,1,18,0,1,1,3,0.489614,0.49899,0,2,
Markó Miklós,Markó Miklós,,0,1,18,0,1,1,3,0.489614,0.49899,0,2,
Dózsa Dániel,Dózsa Dániel,,0,1,17,0,1,1,3,0.482456,0.493603,0,2,
Bobula Ida,Bobula Ida,,0,3,45,0,3,3,3,0.507953,0.52037,0.000189,7,
Gróf Klebersberg Kuno,Gróf Klebersberg Kuno,,0,1,17,0,1,1,3,0.482456,0.493603,0,2,
Vági István,Vági István,,0,1,17,0,1,1,3,0.482456,0.493603,0,2,
Kertész Kálmán,Kertész Kálmán,,0,1,24,0,1,1,3,0.501774,0.509259,0,2,
Lelkes László,Lelkes László,,0,5,69,0,5,5,3,0.515894,0.533502,0.000224,2,
Mátray Rudolf,Mátray Rudolf,,0,1,24,0,1,1,3,0.501774,0.509259,0,2,
Gaál István,Gaál István,,0,10,138,0,11,11,2,0.537459,0.569697,0.00217,5,
Harsányi Lajos,Harsányi Lajos,,0,1,24,0,1,1,3,0.501774,0.509259,0,2,
Ravasz László,Ravasz László,,0,4,72,0,4,4,3,0.518596,0.536195,0.000187,5,
Vitnyédy Pál,Vitnyédy Pál,,0,2,39,0,2,2,3,0.505876,0.517003,0.00003,2,
Huszti József,Huszti József,,0,1,19,0,1,1,3,0.491315,0.500505,0,2,
György Lajos,György Lajos,,0,1,19,0,1,1,3,0.491315,0.500505,0,2,
Báró Wlassics Tibor,Báró Wlassics Tibor,,0,2,36,0,2,2,3,0.506135,0.516162,0.000017,2,
Felsőbüki Büky György,Felsőbüki Büky György,,0,2,34,0,2,2,3,0.502538,0.513131,0.000017,4,
"Ódry Árpád",Ódry Árpád,,0,1,25,0,1,1,3,0.478723,0.493603,0,4,
Mathes Nitsch,Mathes Nitsch,,0,1,25,0,1,1,3,0.478723,0.493603,0,4,
Lux Terka,Lux Terka,,0,1,25,0,1,1,3,0.478723,0.493603,0,4,
Joó Tibor,Joó Tibor,,0,12,164,0,13,13,2,0.545154,0.582828,0.003382,5,
Mariancsics Szörényi Imre,Mariancsics Szörényi Imre,,0,1,25,0,1,1,3,0.478723,0.493603,0,4,
Takács György dr.,Takács György dr.,,0,1,25,0,1,1,3,0.478723,0.493603,0,4,
Prahács Margit,Prahács Margit,,0,57,471,0,69,69,2,0.656064,0.737879,0.041154,1,
Juhász Géza,Juhász Géza,,0,26,247,0,31,31,2,0.571264,0.624747,0.009461,4,
Nagyhegyi Kálmán,Nagyhegyi Kálmán,,0,1,13,0,1,1,3,0.475962,0.487542,0,0,
Hoffmann Edith,Hoffmann Edith,,0,5,64,0,5,5,2,0.516701,0.532323,0.000177,4,
Krivátsy-Szüts Mária,Krivátsy-Szüts Mária,,0,1,19,0,1,1,3,0.472328,0.486869,0,4,
Szakáts László,Szakáts László,,0,22,261,0,26,26,2,0.575916,0.631818,0.015184,7,
Gyökössy Endre,Gyökössy Endre,,0,2,40,0,2,2,2,0.510309,0.520202,0.000114,7,
Solymossy Sándor,Solymossy Sándor,,0,6,87,0,6,6,2,0.522979,0.543939,0.000702,5,
Ifj. Hegedűs Sándor,Ifj. Hegedűs Sándor,,0,1,19,0,1,1,3,0.472328,0.486869,0,4,
Italo Svevo,Italo Svevo,,0,1,19,0,1,1,3,0.472328,0.486869,0,4,
Francois Mauriac,Francois Mauriac,,0,1,19,0,1,1,3,0.472328,0.486869,0,4,
Markó Árpád,Markó Árpád,,0,4,66,0,4,4,3,0.515625,0.532323,0.000163,4,
Zergényi Ella,Zergényi Ella,,0,3,46,0,3,3,3,0.508214,0.520875,0.000069,4,
Mihályi Ágnes,Mihályi Ágnes,,0,1,21,0,1,1,3,0.497738,0.505556,0,4,
Molnár Ferenc,Molnár Ferenc,,0,1,21,0,1,1,3,0.497738,0.505556,0,4,
Medveczky Bella,Medveczky Bella,,0,1,21,0,1,1,3,0.497738,0.505556,0,4,
Rexa Dezső,Rexa Dezső,,0,4,60,0,4,4,3,0.512953,0.52862,0.000177,4,
Büky György,Büky György,,0,28,233,0,29,29,2,0.566686,0.617677,0.008268,4,
Apor Elemér,Apor Elemér,,0,1,23,0,2,2,3,0.471878,0.487879,0,4,
Geszti Lajos,Geszti Lajos,,0,5,76,0,5,5,2,0.519958,0.538384,0.000347,4,
Cholnoky Jenő,Cholnoky Jenő,,0,2,43,0,2,2,3,0.509521,0.520707,0.00019,7,
Balassa Imre,Balassa Imre,,0,1,23,0,1,1,3,0.471878,0.487879,0,4,
Szitnyai Zoltán,Szitnyai Zoltán,,0,6,99,0,6,6,3,0.525478,0.549495,0.001632,7,
Zsindely Ferenc,Zsindely Ferenc,,0,3,41,0,3,3,3,0.503817,0.51633,0.000067,4,
Halász László,Halász László,,0,4,50,0,4,4,3,0.511364,0.524242,0.000046,4,
Fehér Gábor,Fehér Gábor,,0,2,24,0,2,2,3,0.491803,0.502525,0.000002,4,
Maderspach Viktor,Maderspach Viktor,,0,8,96,0,8,8,2,0.525478,0.548485,0.001549,1,
Hankiss János,Hankiss János,,0,14,170,0,15,15,2,0.546961,0.585859,0.004796,7,
Fráter Elemér,Fráter Elemér,,0,1,14,0,1,1,3,0.439609,0.458923,0,4,
Dávid Lajos,Dávid Lajos,,0,1,14,0,1,1,3,0.439609,0.458923,0,4,
Häckel Ernő,Häckel Ernő,,0,2,42,0,2,2,3,0.505876,0.518013,0.000067,4,
Somody Pál,Somody Pál,,0,1,14,0,1,1,3,0.463266,0.478283,0,4,
Nagytoronyay György,Nagytoronyay György,,0,1,14,0,1,1,3,0.463266,0.478283,0,4,
Lakner Géza,Lakner Géza,,0,1,17,0,1,1,3,0.489857,0.498822,0,4,
Török Sándor,Török Sándor,,0,29,268,0,29,29,2,0.578271,0.635354,0.010333,1,
Jánossy Dénes,Jánossy Dénes,,0,1,17,0,1,1,3,0.489857,0.498822,0,4,
Kelényi B. Ottó,Kelényi B. Ottó,,0,2,41,0,3,3,3,0.507432,0.518687,0.000063,4,
Tas László,Tas László,,0,1,15,0,1,1,3,0.479884,0.491077,0,4,
Simon Gyula,Simon Gyula,,0,7,68,0,9,9,2,0.517782,0.534343,0.000182,4,
Rafael Sabatini,Rafael Sabatini,,0,1,13,0,1,1,3,0.491803,0.498822,0,4,
Eörsy Levente,Eörsy Levente,,0,1,24,0,1,1,3,0.500759,0.508586,0,4,
Hóry Etelka,Hóry Etelka,,0,1,24,0,1,1,3,0.500759,0.508586,0,4,
Sásdi Sándor,Sásdi Sándor,,0,2,41,0,2,2,3,0.508736,0.519529,0.000205,7,
Révész Béla,Révész Béla,,0,1,24,0,1,1,3,0.500759,0.508586,0,4,
Bajza József,Bajza József,,0,1,24,0,1,1,3,0.500759,0.508586,0,4,
Peéry Piri,Peéry Piri,,0,1,24,0,1,1,3,0.500759,0.508586,0,4,
"Nüll, Edwin von der","Nüll, Edwin von der",,0,1,14,0,1,1,3,0.486009,0.495118,0,4,
Kállay Miklós - Tormay Cécile,Kállay Miklós - Tormay Cécile,,0,1,14,0,1,1,3,0.486009,0.495118,0,4,
Horváth Béla,Horváth Béla,,0,7,117,0,7,7,2,0.531401,0.559091,0.001193,4,
Rédey Mária,Rédey Mária,,0,1,13,0,1,1,3,0.492537,0.499327,0,4,
Makkai János,Makkai János,,0,4,60,0,4,4,2,0.515625,0.530303,0.000152,4,
Jankovics Marcell,Jankovics Marcell,,0,1,18,0,1,1,3,0.489372,0.498822,0,4,
N. Jaczkó Olga,N. Jaczkó Olga,,0,1,18,0,1,1,3,0.489372,0.498822,0,4,
Zolnay Vilmos,Zolnay Vilmos,,0,1,18,0,1,1,3,0.489372,0.498822,0,4,
Tompa Ferenc,Tompa Ferenc,,0,1,18,0,1,1,3,0.489372,0.498822,0,4,
Prohács Margit,Prohács Margit,,0,15,120,0,15,15,2,0.532258,0.560606,0.001095,4,
Arady Zsolt,Arady Zsolt,,0,2,24,0,2,2,3,0.50152,0.509091,0.000008,4,
Arnóti Jenő,Arnóti Jenő,,0,1,13,0,1,1,3,0.479419,0.490067,0,4,
Gombos Albin,Gombos Albin,,0,2,33,0,2,2,3,0.499748,0.510943,0.000016,4,
Hun László,Hun László,,0,1,19,0,1,1,3,0.490099,0.499663,0,4,
Just Béla,Just Béla,,0,4,61,0,4,4,3,0.515625,0.53064,0.000453,5,
Winkler Ferenc dr.,Winkler Ferenc dr.,,0,1,19,0,1,1,3,0.490099,0.499663,0,4,
Pálfy Ilona,Pálfy Ilona,,0,2,32,0,2,2,3,0.506653,0.515152,0.000029,4,
Wilhelm Richárd,Wilhelm Richárd,,0,1,15,0,1,1,3,0.485056,0.494781,0,4,
Nagy Berta,Nagy Berta,,0,21,192,0,21,21,2,0.553691,0.59697,0.004783,1,
Marconnay,Marconnay,,0,1,15,0,1,1,3,0.485056,0.494781,0,4,
Gabányi János,Gabányi János,,0,4,65,0,4,4,3,0.516701,0.53266,0.000111,5,
Papp József,Papp József,,0,2,37,0,2,2,3,0.507953,0.517677,0.000026,4,
Kessel I.,Kessel I.,,0,1,21,0,1,1,3,0.500759,0.507576,0,4,
Kertész József,Kertész József,,0,2,36,0,2,2,3,0.504073,0.514815,0.000016,4,
Gramantik Margit,Gramantik Margit,,0,1,18,0,1,1,3,0.487445,0.497475,0,4,
Beczássy Judit,Beczássy Judit,,0,2,26,0,2,2,3,0.501774,0.509933,0.000007,4,
Bohuniczky Szefi,Bohuniczky Szefi,,0,2,33,0,2,2,3,0.500759,0.511616,0.00005,5,
Zlinszky Aladár - Váthó László,Zlinszky Aladár - Váthó László,,0,1,18,0,1,1,3,0.490828,0.499832,0,4,
Cselőtei Lajos dr.,Cselőtei Lajos dr.,,0,1,18,0,1,1,3,0.490828,0.499832,0,4,
Friedreich Endre,Friedreich Endre,,0,1,18,0,1,1,3,0.490828,0.499832,0,4,
Pukánszkyné Kádár Jolán,Pukánszkyné Kádár Jolán,,0,5,69,0,5,5,2,0.518053,0.534848,0.000296,7,
"Carton, Sydney","Carton, Sydney",,0,1,17,0,1,1,3,0.488648,0.49798,0,4,
Geyer József,Geyer József,,0,1,17,0,1,1,3,0.488648,0.49798,0,4,
Bernát István,Bernát István,,0,1,19,0,1,1,3,0.486965,0.497475,0,4,
Karácsony Sándor,Karácsony Sándor,,0,1,19,0,1,1,3,0.496241,0.503872,0,4,
Karl János,Karl János,,0,1,19,0,1,1,3,0.496241,0.503872,0,4,
Ivánffy Tamás,Ivánffy Tamás,,0,1,19,0,1,1,3,0.498741,0.505556,0,4,
Zaka Sándor,Zaka Sándor,,0,6,90,0,6,6,2,0.52381,0.545455,0.00051,4,
Bihó Lajos,Bihó Lajos,,0,1,15,0,1,1,3,0.490828,0.498822,0,4,
Bartalis János,Bartalis János,,0,2,28,0,2,2,3,0.502028,0.510774,0.000017,4,
Miskolcy Gyula,Miskolcy Gyula,,0,2,28,0,2,2,3,0.502028,0.510774,0.000017,4,
Halmi Bódog,Halmi Bódog,,0,1,15,0,1,1,3,0.490828,0.498822,0,4,
"Reymont, Wl. St.","Reymont, Wl. St.",,0,1,11,0,1,1,3,0.481752,0.491077,0,4,
Lelkes Éva,Lelkes Éva,,0,1,11,0,1,1,3,0.481752,0.491077,0,4,
Pazurkiewicz Szaniszló,Pazurkiewicz Szaniszló,,0,1,11,0,1,1,3,0.481752,0.491077,0,4,
"Özv. Rudnay Józsefné",Özv. Rudnay Józsefné,,0,1,11,0,1,1,3,0.481752,0.491077,0,4,
Weöres Sándor,Weöres Sándor,,0,1,19,0,1,1,3,0.48913,0.49899,0,4,
Ferenczy Valér,Ferenczy Valér,,0,5,77,0,5,5,2,0.520231,0.538889,0.000373,7,
Lakatos László,Lakatos László,,0,1,19,0,1,1,3,0.48913,0.49899,0,4,
Edith Wharton,Edith Wharton,,0,1,19,0,1,1,3,0.48913,0.49899,0,4,
Mereskovszkij,Mereskovszkij,,0,1,19,0,1,1,3,0.48913,0.49899,0,4,
Reményik Sándor - Gulyás Pál,Reményik Sándor - Gulyás Pál,,0,1,17,0,1,1,3,0.493274,0.501178,0,4,
Buday Árpád,Buday Árpád,,0,1,17,0,1,1,3,0.493274,0.501178,0,4,
Gyallay Domonkos,Gyallay Domonkos,,0,2,40,0,2,2,3,0.508736,0.519192,0.00008,7,
Dancsházyné Matolcsy Judit,Dancsházyné Matolcsy Judit,,0,1,17,0,1,1,3,0.493274,0.501178,0,4,
Fala Tamás,Fala Tamás,,0,1,21,0,1,1,3,0.491803,0.501515,0,4,
Dezsényi Béla,Dezsényi Béla,,0,1,21,0,1,1,3,0.491803,0.501515,0,4,
Szitnyay Zoltán,Szitnyay Zoltán,,0,3,43,0,3,3,3,0.508736,0.520202,0.000041,4,
Pipics Zoltán,Pipics Zoltán,,0,2,24,0,2,2,3,0.503305,0.510269,0.000002,4,
Takáts Sándor,Takáts Sándor,,0,1,19,0,1,1,3,0.501012,0.507071,0,4,
Berkeszi Zsigmond,Berkeszi Zsigmond,,0,1,13,0,1,1,3,0.483871,0.493266,0,4,
Genthon István,Genthon István,,0,25,239,0,31,31,2,0.568639,0.620707,0.007278,1,
Gellért Mária,Gellért Mária,,0,2,38,0,2,2,3,0.506394,0.517003,0.00003,5,
Dr. Pohl Sándor,Dr. Pohl Sándor,,0,1,23,0,1,1,3,0.499244,0.507239,0,4,
Marót Károly,Marót Károly,,0,3,58,0,3,3,3,0.513485,0.528283,0.00014,1,
E. Huszár Irén,E. Huszár Irén,,0,1,23,0,1,1,3,0.499244,0.507239,0,4,
B. Czeke Vilma,B. Czeke Vilma,,0,2,38,0,2,2,3,0.508997,0.518687,0.000053,4,
Pécsi László,Pécsi László,,0,1,23,0,1,1,3,0.499244,0.507239,0,4,
Cholnoky Jenő dr.,Cholnoky Jenő dr.,,0,1,23,0,1,1,3,0.499244,0.507239,0,4,
Boromisza Tibor,Boromisza Tibor,,0,1,17,0,1,1,3,0.461754,0.478114,0,5,
Senger Ádám,Senger Ádám,,0,1,17,0,1,1,3,0.461754,0.478114,0,5,
Hevesi M. Angelica,Hevesi M. Angelica,,0,2,37,0,2,2,3,0.495495,0.509428,0.000083,5,
Divald Kornél,Divald Kornél,,0,1,17,0,1,1,3,0.461754,0.478114,0,5,
Prónai Lajos,Prónai Lajos,,0,1,17,0,1,1,3,0.461754,0.478114,0,5,
Dr. Borsos Endre,Dr. Borsos Endre,,0,1,21,0,1,1,3,0.501266,0.507912,0,3,
Pechány Adolf,Pechány Adolf,,0,1,21,0,1,1,3,0.501266,0.507912,0,3,
Rakovszky Menyhért,Rakovszky Menyhért,,0,1,24,0,1,1,3,0.496489,0.505724,0,1,
Hencze Béla,Hencze Béla,,0,6,97,0,6,6,2,0.525757,0.54899,0.00077,5,
Blaskó Mária,Blaskó Mária,,0,2,38,0,2,2,3,0.507172,0.517508,0.000062,5,
Dr. Kalmár Gusztáv,Dr. Kalmár Gusztáv,,0,1,24,0,1,1,3,0.496489,0.505724,0,1,
R. Hoffmann Mária,R. Hoffmann Mária,,0,1,24,0,1,1,3,0.496489,0.505724,0,1,
Járosi Jenő,Járosi Jenő,,0,1,24,0,1,1,3,0.496489,0.505724,0,1,
Német László,Német László,,0,1,21,0,1,1,3,0.501012,0.507744,0,4,
Szabó István,Szabó István,,0,1,21,0,1,1,3,0.501012,0.507744,0,4,
Heltai Jenő,Heltai Jenő,,0,1,21,0,1,1,3,0.501012,0.507744,0,4,
Bánhegyi Jób,Bánhegyi Jób,,0,1,21,0,1,1,3,0.501012,0.507744,0,4,
Darvas Andor,Darvas Andor,,0,1,21,0,1,1,3,0.501012,0.507744,0,4,
Fehér Tibor,Fehér Tibor,,0,1,21,0,1,1,3,0.501012,0.507744,0,4,
Sántha György,Sántha György,,0,3,53,0,3,3,3,0.513485,0.526599,0.000059,5,
Fábián Isvtán,Fábián Isvtán,,0,1,15,0,1,1,3,0.481752,0.492424,0,1,
Bihari Ferenc,Bihari Ferenc,,0,1,15,0,1,1,3,0.481752,0.492424,0,1,
Tormay Cecília,Tormay Cecília,,0,1,16,0,1,1,3,0.493519,0.50101,0,4,
Ferenczy Géza,Ferenczy Géza,,0,1,16,0,1,1,3,0.493519,0.50101,0,4,
László István,László István,,0,9,123,0,10,10,2,0.533118,0.562121,0.002682,1,
Vass József,Vass József,,0,1,24,0,1,1,3,0.501266,0.508923,0,4,
Szendi János,Szendi János,,0,1,24,0,1,1,3,0.501266,0.508923,0,4,
Rovó Aladár,Rovó Aladár,,0,1,24,0,1,1,3,0.501266,0.508923,0,4,
Andreas Pigler,Andreas Pigler,,0,1,24,0,1,1,3,0.501266,0.508923,0,4,
H. Hajtay Etelka,H. Hajtay Etelka,,0,1,24,0,1,1,3,0.501266,0.508923,0,4,
Mesterházy Jenő,Mesterházy Jenő,,0,11,166,0,11,11,2,0.545755,0.583838,0.003298,7,
Sárkány Lóránt,Sárkány Lóránt,,0,1,24,0,1,1,3,0.501266,0.508923,0,4,
Pálffy István,Pálffy István,,0,8,115,0,10,10,2,0.530831,0.558081,0.001118,5,
Szathmáry Balázs,Szathmáry Balázs,,0,1,21,0,1,1,3,0.494753,0.503535,0,5,
Marschalkó Lia,Marschalkó Lia,,0,2,38,0,2,2,3,0.508997,0.518687,0.00006,5,
Massanek Gábor,Massanek Gábor,,0,1,21,0,1,1,3,0.494753,0.503535,0,5,
Pándi Hjelt Kálmán,Pándi Hjelt Kálmán,,0,1,21,0,1,1,3,0.494753,0.503535,0,5,
Jancsó Benedek,Jancsó Benedek,,0,1,21,0,1,1,3,0.494753,0.503535,0,5,
Timár Kálmán,Timár Kálmán,,0,1,21,0,1,1,3,0.494753,0.503535,0,5,
Molnár Pál,Molnár Pál,,0,1,15,0,1,1,3,0.482221,0.492761,0,1,
Pintér Ferenc,Pintér Ferenc,,0,1,15,0,1,1,3,0.482221,0.492761,0,1,
Strecke Ernő,Strecke Ernő,,0,1,15,0,1,1,3,0.482221,0.492761,0,1,
Szokolay Béla,Szokolay Béla,,0,2,35,0,2,2,3,0.503817,0.51431,0.000027,5,
Somogyi Szilveszter,Somogyi Szilveszter,,0,1,26,0,1,1,3,0.497988,0.507407,0,5,
Illyés János,Illyés János,,0,1,26,0,1,1,3,0.497988,0.507407,0,5,
Eckhardtné Huszár Irén,Eckhardtné Huszár Irén,,0,1,26,0,1,1,3,0.497988,0.507407,0,5,
Héjjas Jenő dr.,Héjjas Jenő dr.,,0,1,26,0,1,1,3,0.497988,0.507407,0,5,
Dálnoki Nagy Lajos,Dálnoki Nagy Lajos,,0,1,26,0,1,1,3,0.497988,0.507407,0,5,
Révai József,Révai József,,0,1,26,0,1,1,3,0.497988,0.507407,0,5,
Ilosvay Bálint,Ilosvay Bálint,,0,1,20,0,1,1,3,0.493274,0.502189,0,1,
Csanádi Balogh István,Csanádi Balogh István,,0,4,61,0,4,4,3,0.514286,0.529798,0.000133,1,
Pethő Sándor,Pethő Sándor,,0,2,31,0,2,2,2,0.507953,0.515657,0.000019,1,
Ybl Ervin,Ybl Ervin,,0,1,20,0,1,1,3,0.493274,0.502189,0,1,
Bártfai Szabó László,Bártfai Szabó László,,0,1,25,0,1,1,3,0.492048,0.50303,0,4,
G. Hadik Etelka,G. Hadik Etelka,,0,1,25,0,1,1,3,0.492048,0.50303,0,4,
Marion Crawford,Marion Crawford,,0,1,25,0,1,1,3,0.492048,0.50303,0,4,
H. Rider Haggard,H. Rider Haggard,,0,1,25,0,1,1,3,0.492048,0.50303,0,4,
Szántó György,Szántó György,,0,1,25,0,1,1,3,0.492048,0.50303,0,4,
R. Hiehens,R. Hiehens,,0,1,25,0,1,1,3,0.492048,0.50303,0,4,
Fent István,Fent István,,0,1,25,0,1,1,3,0.492048,0.50303,0,4,
Gróf Bethlen Margit,Gróf Bethlen Margit,,0,1,21,0,1,1,3,0.495,0.503704,0,4,
Lyka Károly,Lyka Károly,,0,1,21,0,1,1,3,0.495,0.503704,0,4,
M. Juhász Margit,M. Juhász Margit,,0,12,148,0,16,16,2,0.540393,0.574747,0.003125,5,
"Gentile, Giovanni","Gentile, Giovanni",,0,1,29,0,1,1,3,0.500506,0.510101,0,4,
Orczy Emma,Orczy Emma,,0,1,29,0,1,1,3,0.500506,0.510101,0,4,
Kupcsay Felicián,Kupcsay Felicián,,0,1,29,0,1,1,3,0.500506,0.510101,0,4,
György Oszkár,György Oszkár,,0,1,29,0,1,1,3,0.500506,0.510101,0,4,
Gál János- Galamb Sándor,Gál János- Galamb Sándor,,0,1,29,0,1,1,3,0.500506,0.510101,0,4,
Szentmihályiné Szabó Mária,Szentmihályiné Szabó Mária,,0,4,87,0,4,4,2,0.522979,0.543939,0.000414,5,
Ottlik Géza,Ottlik Géza,,0,2,37,0,2,2,3,0.506653,0.516835,0.000041,5,
Majtényi György,Majtényi György,,0,2,34,0,3,3,3,0.505618,0.515152,0.000051,1,
Ráth Végh István,Ráth Végh István,,0,1,20,0,1,1,3,0.494753,0.503199,0,1,
Emődy László,Emődy László,,0,1,20,0,1,1,3,0.494753,0.503199,0,1,
Gróf Leiningen,Gróf Leiningen,,0,1,20,0,1,1,3,0.494753,0.503199,0,1,
"Bontempelli, Massimo","Bontempelli, Massimo",,0,1,27,0,1,1,3,0.505102,0.512458,0,5,
Nagy Dániel,Nagy Dániel,,0,1,27,0,1,1,3,0.505102,0.512458,0,5,
Munkácsy Mihály,Munkácsy Mihály,,0,1,27,0,1,1,3,0.505102,0.512458,0,5,
Szőke Sándor,Szőke Sándor,,0,3,51,0,3,3,2,0.513219,0.525758,0.000069,5,
Dr. Vargha Zoltán,Dr. Vargha Zoltán,,0,1,27,0,1,1,3,0.505102,0.512458,0,5,
Závodszky Levente,Závodszky Levente,,0,5,79,0,5,5,2,0.520779,0.539899,0.000329,5,
Bódás János,Bódás János,,0,2,31,0,2,2,3,0.502793,0.51229,0.000012,1,
Mészáros János,Mészáros János,,0,1,20,0,1,1,3,0.495744,0.503872,0,1,
Bisztray Gyula,Bisztray Gyula,,0,3,58,0,3,3,3,0.514821,0.529125,0.000178,7,
Szombatfalvy György,Szombatfalvy György,,0,2,37,0,2,2,3,0.508736,0.518182,0.000044,5,
Rapaics Raymund,Rapaics Raymund,,0,1,21,0,1,1,3,0.480349,0.493434,0,5,
Zsigmond János,Zsigmond János,,0,2,40,0,2,2,3,0.502793,0.51532,0.000083,5,
Gyomai György,Gyomai György,,0,5,77,0,5,5,2,0.520231,0.538889,0.000521,5,
Jankovics Marcell dr.,Jankovics Marcell dr.,,0,1,21,0,1,1,3,0.480349,0.493434,0,5,
Richard Halliburton,Richard Halliburton,,0,1,21,0,1,1,3,0.480349,0.493434,0,5,
Fritz Ohle,Fritz Ohle,,0,2,44,0,2,2,2,0.511364,0.522222,0.000099,5,
Thury Zsuzsa,Thury Zsuzsa,,0,1,21,0,1,1,3,0.480349,0.493434,0,5,
"Ásguthy Erzsébet",Ásguthy Erzsébet,,0,1,20,0,1,1,3,0.479419,0.492424,0,2,
Gróf István,Gróf István,,0,1,20,0,1,1,3,0.479419,0.492424,0,2,
"Schnack, August","Schnack, August",,0,1,20,0,1,1,3,0.479419,0.492424,0,2,
Lovass Gábor,Lovass Gábor,,0,1,20,0,1,1,3,0.479419,0.492424,0,2,
H. Böszörményi Margit,H. Böszörményi Margit,,0,1,20,0,1,1,3,0.479419,0.492424,0,2,
Márai Sándor,Márai Sándor,,0,2,35,0,2,2,3,0.488889,0.504209,0.000154,7,
Varga Lajos,Varga Lajos,,0,1,20,0,1,1,3,0.494505,0.50303,0,1,
Bereznay Pál,Bereznay Pál,,0,2,38,0,2,2,3,0.505876,0.516667,0.000051,1,
Zitás Bertalan,Zitás Bertalan,,0,1,20,0,1,1,3,0.494505,0.50303,0,1,
Berda József,Berda József,,0,1,20,0,1,1,3,0.494505,0.50303,0,1,
Paul Bourget,Paul Bourget,,0,1,20,0,1,1,3,0.494505,0.50303,0,1,
Vathy Elek,Vathy Elek,,0,2,45,0,3,3,3,0.508997,0.521044,0.000167,5,
Széfeddin Sefket bej,Széfeddin Sefket bej,,0,1,23,0,1,1,3,0.497988,0.506397,0,5,
Ijjas Antal,Ijjas Antal,,0,2,35,0,2,2,3,0.50536,0.51532,0.00003,5,
K. Nagy Méda,K. Nagy Méda,,0,1,23,0,1,1,3,0.497988,0.506397,0,5,
Mérey Ferenc,Mérey Ferenc,,0,11,157,0,15,15,2,0.543061,0.579293,0.004629,5,
Szudy Elemér,Szudy Elemér,,0,1,23,0,1,1,3,0.497988,0.506397,0,5,
Fényes Jenő,Fényes Jenő,,0,1,23,0,1,1,3,0.497988,0.506397,0,5,
Pálma László,Pálma László,,0,1,23,0,1,1,3,0.497988,0.506397,0,5,
G. Stratil-Sauer,G. Stratil-Sauer,,0,1,23,0,1,1,3,0.497988,0.506397,0,5,
Martin Johnson,Martin Johnson,,0,1,23,0,1,1,3,0.497988,0.506397,0,5,
Huher Győző,Huher Győző,,0,1,23,0,1,1,3,0.497988,0.506397,0,5,
Hoffmann Edit - Reichard Piroska - Rédey Tivadar - Sikabonyi Antal,Hoffmann Edit - Reichard Piroska - Rédey Tivadar - Sikabonyi Antal,,0,1,23,0,1,1,3,0.497988,0.506397,0,5,
A. E. Johann,A. E. Johann,,0,1,19,0,1,1,3,0.500253,0.506566,0,1,
Szenteleky Kornél,Szenteleky Kornél,,0,1,19,0,1,1,3,0.500253,0.506566,0,1,
Fekete Sándor,Fekete Sándor,,0,1,19,0,1,1,3,0.500253,0.506566,0,1,
Zsigray Julianna,Zsigray Julianna,,0,1,16,0,1,1,3,0.479187,0.490909,0,4,
Jékely Zoltán,Jékely Zoltán,,0,7,110,0,8,8,2,0.529412,0.555556,0.002062,7,
"Szefket, Széfeddin","Szefket, Széfeddin",,0,2,35,0,3,3,3,0.497238,0.509933,0.000051,5,
Hallósy Mária,Hallósy Mária,,0,1,17,0,1,1,3,0.472554,0.486364,0,5,
"Bazin, René","Bazin, René",,0,1,17,0,1,1,3,0.472554,0.486364,0,5,
dr. Kalmár Gusztáv,dr. Kalmár Gusztáv,,0,1,17,0,1,1,3,0.472554,0.486364,0,5,
Sáfáry László,Sáfáry László,,0,1,17,0,1,1,3,0.472554,0.486364,0,5,
"Goethe, Johann Wolfgang - Szász Béla","Goethe, Johann Wolfgang - Szász Béla",,0,1,19,0,1,1,3,0.474593,0.488552,0,5,
Szúdy Elemér,Szúdy Elemér,,0,1,19,0,1,1,3,0.474593,0.488552,0,5,
O' Brien,O' Brien,,0,1,19,0,1,1,3,0.474593,0.488552,0,5,
Mészölyné Magay Berta,Mészölyné Magay Berta,,0,1,17,0,1,1,3,0.445144,0.464646,0,2,
Juhász M.,Juhász M.,,0,7,87,0,7,7,2,0.522979,0.543939,0.000794,5,
Kisbán Miklós,Kisbán Miklós,,0,1,17,0,1,1,3,0.445144,0.464646,0,2,
Csömöri József,Csömöri József,,0,1,17,0,1,1,3,0.445144,0.464646,0,2,
Puskás Pál C. M.,Puskás Pál C. M.,,0,1,17,0,1,1,3,0.445144,0.464646,0,2,
Hadik Etelka,Hadik Etelka,,0,1,24,0,1,1,3,0.497988,0.506734,0,5,
Takáts Gyula,Takáts Gyula,,0,6,97,0,7,7,2,0.525757,0.54899,0.001197,7,
Kacsó Dénes,Kacsó Dénes,,0,1,24,0,1,1,3,0.497988,0.506734,0,5,
Balázs Sándor,Balázs Sándor,,0,1,24,0,1,1,3,0.497988,0.506734,0,5,
Niamessnyné Manaszy Margit,Niamessnyné Manaszy Margit,,0,1,24,0,1,1,3,0.497988,0.506734,0,5,
"Sefket, Széfeddin","Sefket, Széfeddin",,0,2,40,0,2,2,3,0.507692,0.518519,0.000049,5,
Zadravetz István,Zadravetz István,,0,1,24,0,1,1,3,0.497988,0.506734,0,5,
"Ámon Vilmosné",Ámon Vilmosné,,0,2,45,0,2,2,3,0.510836,0.522222,0.000281,5,
Hamvas Béla,Hamvas Béla,,0,16,217,0,24,24,2,0.561543,0.609596,0.010436,7,
Bangha Béla,Bangha Béla,,0,1,24,0,1,1,3,0.497988,0.506734,0,5,
Carveth Wells,Carveth Wells,,0,1,24,0,1,1,3,0.497988,0.506734,0,5,
Aleko E. Lilius,Aleko E. Lilius,,0,1,24,0,1,1,3,0.497988,0.506734,0,5,
Szentesi József,Szentesi József,,0,1,16,0,1,1,3,0.481518,0.492593,0,7,
Jakobi Lányi Ernő,Jakobi Lányi Ernő,,0,1,16,0,1,1,3,0.481518,0.492593,0,7,
Dr. Marczell Mihály,Dr. Marczell Mihály,,0,1,16,0,1,1,3,0.481518,0.492593,0,7,
Székely László,Székely László,,0,1,16,0,1,1,3,0.481518,0.492593,0,7,
Balatoni Farkas Alice,Balatoni Farkas Alice,,0,1,19,0,1,1,3,0.479651,0.492256,0,5,
Kovácsné Nagy Méda,Kovácsné Nagy Méda,,0,2,38,0,2,2,3,0.508997,0.518687,0.000041,1,
Magay Berta,Magay Berta,,0,2,40,0,2,2,3,0.495992,0.510774,0.000092,5,
Dr. Madarász István,Dr. Madarász István,,0,1,19,0,1,1,3,0.479651,0.492256,0,5,
G. Nagy Lajos,G. Nagy Lajos,,0,1,19,0,1,1,3,0.479651,0.492256,0,5,
Wesselényi Miklós,Wesselényi Miklós,,0,1,21,0,1,1,3,0.48105,0.493939,0,6,
Kiss Ernő,Kiss Ernő,,0,2,43,0,2,2,3,0.497738,0.512963,0.000139,6,
"Pirandello, Luigi - Horvát Henrik","Pirandello, Luigi - Horvát Henrik",,0,2,38,0,2,2,3,0.508214,0.518182,0.00009,6,
Nagy Méda,Nagy Méda,,0,12,182,0,17,17,2,0.550612,0.591919,0.004415,7,
Kardos Arthur,Kardos Arthur,,0,1,21,0,1,1,3,0.48105,0.493939,0,6,
Bessenyei György,Bessenyei György,,0,1,21,0,1,1,3,0.48105,0.493939,0,6,
W. B. Seabrook,W. B. Seabrook,,0,1,21,0,1,1,3,0.48105,0.493939,0,6,
Bodó Jenő,Bodó Jenő,,0,1,21,0,1,1,3,0.48105,0.493939,0,6,
Somogyi János,Somogyi János,,0,1,21,0,1,1,3,0.48105,0.493939,0,6,
Molnár Kálmán,Molnár Kálmán,,0,1,21,0,1,1,3,0.48105,0.493939,0,6,
János Alfréd,János Alfréd,,0,1,24,0,1,1,3,0.443548,0.465657,0,5,
Kisléghy Kálmán,Kisléghy Kálmán,,0,1,24,0,1,1,3,0.443548,0.465657,0,5,
Londesz Elek,Londesz Elek,,0,1,24,0,1,1,3,0.443548,0.465657,0,5,
Domokos László,Domokos László,,0,1,24,0,1,1,3,0.443548,0.465657,0,5,
Dr. Lósy-Schmidt Ede,Dr. Lósy-Schmidt Ede,,0,1,24,0,1,1,3,0.443548,0.465657,0,5,
Remsey György,Remsey György,,0,1,24,0,1,1,3,0.443548,0.465657,0,5,
Cs. Lázár László,Cs. Lázár László,,0,1,24,0,1,1,3,0.443548,0.465657,0,5,
Déchi Liane,Déchi Liane,,0,1,21,0,1,1,3,0.492782,0.502189,0,5,
Gunda Béla,Gunda Béla,,0,3,54,0,3,3,3,0.511892,0.525926,0.000308,7,
Gyalókai Jenő,Gyalókai Jenő,,0,1,21,0,1,1,3,0.492782,0.502189,0,5,
H. Pálfy Ilona,H. Pálfy Ilona,,0,7,93,0,10,10,2,0.524642,0.54697,0.00207,7,
Wilhelm Speyer,Wilhelm Speyer,,0,1,21,0,1,1,3,0.492782,0.502189,0,5,
Merényi Oszkár,Merényi Oszkár,,0,2,44,0,2,2,3,0.505102,0.518182,0.000089,5,
Kristóf György,Kristóf György,,0,3,47,0,3,3,2,0.512157,0.523737,0.000106,5,
Juhász Margit,Juhász Margit,,0,3,42,0,4,4,3,0.508736,0.519865,0.000386,1,
Gallay-Gaibel Sándor,Gallay-Gaibel Sándor,,0,1,15,0,1,1,3,0.48105,0.491919,0,5,
Remetei Fülepp Dezső,Remetei Fülepp Dezső,,0,1,15,0,1,1,3,0.48105,0.491919,0,5,
Bánáti Oszkár,Bánáti Oszkár,,0,1,15,0,1,1,3,0.48105,0.491919,0,5,
Ritoók Emma,Ritoók Emma,,0,2,36,0,2,2,2,0.509259,0.518182,0.000032,1,
Csathó Kálmán,Csathó Kálmán,,0,1,25,0,1,1,3,0.503561,0.510774,0,1,
Kovách Ferenc,Kovách Ferenc,,0,1,25,0,1,1,3,0.503561,0.510774,0,1,
Hamvas Béla - Szakáts László,Hamvas Béla - Szakáts László,,0,1,25,0,1,1,3,0.503561,0.510774,0,1,
"Pezzani, Renzo","Pezzani, Renzo",,0,1,16,0,1,1,3,0.50152,0.506397,0,1,
Nagy Jenő,Nagy Jenő,,0,1,16,0,1,1,3,0.50152,0.506397,0,1,
Asztalos Miklós,Asztalos Miklós,,0,4,50,0,5,5,2,0.512953,0.525253,0.000147,1,
"Dionisi, Franco Vellani","Dionisi, Franco Vellani",,0,1,16,0,1,1,3,0.50152,0.506397,0,1,
"Galsworthy, John","Galsworthy, John",,0,1,25,0,1,1,3,0.503817,0.510943,0,1,
Képes Géza,Képes Géza,,0,2,36,0,2,2,3,0.506653,0.516498,0.0002,1,
Dr. Kühár Flóris O. S. B.,Dr. Kühár Flóris O. S. B.,,0,1,25,0,1,1,3,0.503817,0.510943,0,1,
Tolnai Gábor,Tolnai Gábor,,0,7,90,0,7,7,2,0.52381,0.545455,0.001728,7,
Karinthy Frigyes,Karinthy Frigyes,,0,1,25,0,1,1,3,0.503817,0.510943,0,1,
Térey Sándor,Térey Sándor,,0,2,42,0,2,2,3,0.508214,0.519529,0.000089,7,
Pavel Ágoston,Pavel Ágoston,,0,1,25,0,1,1,3,0.503817,0.510943,0,1,
Széli Pál,Széli Pál,,0,1,25,0,1,1,3,0.503817,0.510943,0,1,
Hausler Ferenc,Hausler Ferenc,,0,1,25,0,1,1,3,0.503817,0.510943,0,1,
Képes Géza - Aradi-Szabó István - M. Juhász Margit - Falu Tamás,Képes Géza - Aradi-Szabó István - M. Juhász Margit - Falu Tamás,,0,1,22,0,1,1,3,0.499495,0.507071,0,7,
Szili Leontin,Szili Leontin,,0,1,22,0,1,1,3,0.499495,0.507071,0,7,
Halliburton,Halliburton,,0,1,22,0,1,1,3,0.499495,0.507071,0,7,
Asztalos Miklós és Pethő Sándor,Asztalos Miklós és Pethő Sándor,,0,1,22,0,1,1,3,0.499495,0.507071,0,7,
König Kelemen,König Kelemen,,0,1,22,0,1,1,3,0.499495,0.507071,0,7,
Kolozsváry Bálint,Kolozsváry Bálint,,0,1,22,0,1,1,3,0.499495,0.507071,0,7,
Rédey Tivadar - Németh Antal,Rédey Tivadar - Németh Antal,,0,1,22,0,1,1,3,0.499495,0.507071,0,7,
Vitéz Kenyeres Jánosné,Vitéz Kenyeres Jánosné,,0,2,35,0,2,2,3,0.50433,0.514646,0.000036,7,
"Ágoston Julián - Jékely Zoltán",Ágoston Julián - Jékely Zoltán,,0,1,20,0,1,1,3,0.497487,0.505051,0,1,
Dénes Tibor,Dénes Tibor,,0,16,180,0,17,17,2,0.55,0.590909,0.008199,7,
Vitéz dr. József Ferenc főherceg,Vitéz dr. József Ferenc főherceg,,0,2,39,0,2,2,3,0.507172,0.517845,0.000048,7,
Szabó Zoltán,Szabó Zoltán,,0,11,138,0,12,12,2,0.537459,0.569697,0.002142,7,
Juhász Vilmos,Juhász Vilmos,,0,3,34,0,4,4,2,0.508736,0.517172,0.00025,1,
Wilhelm Munnecke,Wilhelm Munnecke,,0,1,20,0,1,1,3,0.497487,0.505051,0,1,
Gr. Cz. Andrássy Ilona,Gr. Cz. Andrássy Ilona,,0,1,20,0,1,1,3,0.497487,0.505051,0,1,
Kolosváry Bálint,Kolosváry Bálint,,0,1,20,0,1,1,3,0.497487,0.505051,0,1,
Révész Imre,Révész Imre,,0,1,15,0,1,1,3,0.496988,0.50303,0,1,
Jászay-Horváth Elemér,Jászay-Horváth Elemér,,0,1,15,0,1,1,3,0.496988,0.50303,0,1,
Barbara Allison,Barbara Allison,,0,1,15,0,1,1,3,0.496988,0.50303,0,1,
Kolozsvári Grandpierre Emil,Kolozsvári Grandpierre Emil,,0,1,19,0,1,1,3,0.486965,0.497475,0,7,
"Geissler, Horst Wolfram","Geissler, Horst Wolfram",,0,1,19,0,1,1,3,0.486965,0.497475,0,7,
Mitrovich Gyula,Mitrovich Gyula,,0,1,19,0,1,1,3,0.486965,0.497475,0,7,
Jókay Zoltán,Jókay Zoltán,,0,1,19,0,1,1,3,0.486965,0.497475,0,7,
Márchis György,Márchis György,,0,2,34,0,2,2,3,0.507172,0.516162,0.000066,7,
Zichy Rafaelné,Zichy Rafaelné,,0,2,59,0,2,2,2,0.515357,0.529798,0.000149,7,
Brandenstein Béla (báró),Brandenstein Béla (báró),,0,1,17,0,1,1,3,0.486965,0.496801,0,7,
"Wulff, Anna","Wulff, Anna",,0,1,17,0,1,1,3,0.486965,0.496801,0,7,
Greenhorn,Greenhorn,,0,1,17,0,1,1,3,0.486965,0.496801,0,7,
Látos Sándor,Látos Sándor,,0,1,17,0,1,1,3,0.486965,0.496801,0,7,
Neppel György,Neppel György,,0,1,17,0,1,1,3,0.486965,0.496801,0,7,
Buday György,Buday György,,0,1,11,0,1,1,3,0.469639,0.482155,0,7,
"Lawrence, H. D.","Lawrence, H. D.",,0,1,11,0,1,1,3,0.469639,0.482155,0,7,
"Calabro, Paolo","Calabro, Paolo",,0,1,11,0,1,1,3,0.469639,0.482155,0,7,
Dékány András,Dékány András,,0,3,48,0,3,3,3,0.511892,0.523906,0.000396,7,
Szabó Zoltán - Tolnai Gábor,Szabó Zoltán - Tolnai Gábor,,0,1,13,0,1,1,3,0.496489,0.50202,0,7,
Baktay Ervin,Baktay Ervin,,0,1,11,0,1,1,3,0.411642,0.432155,0,1,
Bartha Dénes,Bartha Dénes,,0,1,11,0,1,1,3,0.411642,0.432155,0,1,
Csokonai Kiss Kató,Csokonai Kiss Kató,,0,1,11,0,1,1,3,0.411642,0.432155,0,1,
Szondy György,Szondy György,,0,3,43,0,3,3,3,0.506135,0.518519,0.000536,7,
Maurice Paléologue,Maurice Paléologue,,0,1,11,0,1,1,3,0.411642,0.432155,0,1,
Jaschik Álmos,Jaschik Álmos,,0,1,11,0,1,1,3,0.411642,0.432155,0,1,
Tormay Cecile,Tormay Cecile,,0,1,3,0,1,1,3,0.386719,0.403367,0,1,
"Átányi István",Átányi István,,0,1,18,0,1,1,3,0.497238,0.504209,0,7,
Thurzó Gábor,Thurzó Gábor,,0,16,214,0,21,21,2,0.560589,0.608081,0.009506,7,
Kozma Miklós,Kozma Miklós,,0,1,18,0,1,1,3,0.497238,0.504209,0,7,
Trikál József,Trikál József,,0,1,18,0,1,1,3,0.497238,0.504209,0,7,
Katona Jenő,Katona Jenő,,0,1,18,0,1,1,3,0.497238,0.504209,0,7,
Nils Herman Lindberg,Nils Herman Lindberg,,0,1,18,0,1,1,3,0.497238,0.504209,0,7,
Számadó Ernő,Számadó Ernő,,0,7,98,0,7,7,2,0.526036,0.549495,0.001657,7,
Marék Antal,Marék Antal,,0,11,127,0,12,12,2,0.534269,0.564141,0.001847,7,
Ortutay Gyula,Ortutay Gyula,,0,2,27,0,2,2,3,0.50536,0.512626,0.000011,7,
Juhász Gyula,Juhász Gyula,,0,2,29,0,2,2,3,0.506394,0.513973,0.000051,7,
Bözödi Jakab György,Bözödi Jakab György,,0,1,19,0,1,1,3,0.496739,0.504209,0,7,
Hantos Elemér,Hantos Elemér,,0,1,19,0,1,1,3,0.496739,0.504209,0,7,
B. Késmárky Róza,B. Késmárky Róza,,0,1,19,0,1,1,3,0.496739,0.504209,0,7,
Barra Erzsébet,Barra Erzsébet,,0,1,16,0,1,1,3,0.434974,0.455556,0,7,
Rónay György,Rónay György,,0,7,108,0,7,7,3,0.528564,0.554377,0.001893,7,
Kunszery Gyula,Kunszery Gyula,,0,2,32,0,2,2,3,0.466981,0.487205,0.000141,7,
Keresztury Dezső,Keresztury Dezső,,0,2,35,0,2,2,3,0.502283,0.5133,0.000171,7,
Bethlen Iván,Bethlen Iván,,0,1,16,0,1,1,3,0.434974,0.455556,0,7,
Mesterházi Jenő,Mesterházi Jenő,,0,1,16,0,1,1,3,0.434974,0.455556,0,7,
Balázs Júlia,Balázs Júlia,,0,1,16,0,1,1,3,0.434974,0.455556,0,7,
Farkas László,Farkas László,,0,1,16,0,1,1,3,0.434974,0.455556,0,7,
"Macherione, Giuseppe","Macherione, Giuseppe",,0,1,16,0,1,1,3,0.434974,0.455556,0,7,
Moravek Endre,Moravek Endre,,0,3,51,0,3,3,3,0.511628,0.524747,0.000322,7,
Göbl László,Göbl László,,0,1,11,0,1,1,3,0.448573,0.465488,0,7,
Horváth Izabella,Horváth Izabella,,0,1,11,0,1,1,3,0.448573,0.465488,0,7,
Görgey Aladár,Görgey Aladár,,0,1,11,0,1,1,3,0.448573,0.465488,0,7,
Révay József,Révay József,,0,1,11,0,1,1,3,0.448573,0.465488,0,7,
Szenkovits Kálmán,Szenkovits Kálmán,,0,1,18,0,1,1,3,0.455382,0.473401,0,7,
Szőnyi István,Szőnyi István,,0,1,18,0,1,1,3,0.455382,0.473401,0,7,
Kolozsváry G. Emil,Kolozsváry G. Emil,,0,1,18,0,1,1,3,0.455382,0.473401,0,7,
Horváth Lajos,Horváth Lajos,,0,1,18,0,1,1,3,0.455382,0.473401,0,7,
Aradi Szabó István,Aradi Szabó István,,0,1,18,0,1,1,3,0.455382,0.473401,0,7,
Csurka Péter,Csurka Péter,,0,2,40,0,2,2,3,0.480349,0.499832,0.000154,7,
Harsányi Zsolt,Harsányi Zsolt,,0,1,18,0,1,1,3,0.455382,0.473401,0,7,
Bobula Ida dr.,Bobula Ida dr.,,0,1,18,0,1,1,3,0.455382,0.473401,0,7,
Pozsonyi-Filtsch Zoltán,Pozsonyi-Filtsch Zoltán,,0,1,18,0,1,1,3,0.455382,0.473401,0,7,
"Éber László",Éber László,,0,1,19,0,1,1,3,0.447761,0.467508,0,7,
Valér Erik,Valér Erik,,0,4,62,0,6,6,3,0.513485,0.52963,0.000753,7,
Faragó Endre,Faragó Endre,,0,1,19,0,1,1,3,0.447761,0.467508,0,7,
Sándor Magda,Sándor Magda,,0,1,19,0,1,1,3,0.447761,0.467508,0,7,
Szontagh Jenő,Szontagh Jenő,,0,1,19,0,1,1,3,0.447761,0.467508,0,7,
Trocsányi Zoltán,Trocsányi Zoltán,,0,1,19,0,1,1,3,0.447761,0.467508,0,7,
Erba Odescalchi Sándor,Erba Odescalchi Sándor,,0,1,19,0,1,1,3,0.447761,0.467508,0,7,
Dr. vitéz Kárpáthy-Kravjánszky Mór,Dr. vitéz Kárpáthy-Kravjánszky Mór,,0,1,19,0,1,1,3,0.447761,0.467508,0,7,
Koszorús Istvánné,Koszorús Istvánné,,0,1,19,0,1,1,3,0.43364,0.455387,0,7,
Berczeli A. Károly,Berczeli A. Károly,,0,1,19,0,1,1,3,0.43364,0.455387,0,7,
Szentgyörgyi Sándor,Szentgyörgyi Sándor,,0,1,19,0,1,1,3,0.43364,0.455387,0,7,
Prudovits Lajos,Prudovits Lajos,,0,1,19,0,1,1,3,0.43364,0.455387,0,7,
"Chalmondeley, Mary - Zaka Sándor","Chalmondeley, Mary - Zaka Sándor",,0,1,19,0,1,1,3,0.43364,0.455387,0,7,
Zobor Eszter,Zobor Eszter,,0,1,19,0,1,1,3,0.43364,0.455387,0,7,
Bittenbinder Miklós,Bittenbinder Miklós,,0,2,37,0,3,3,3,0.503817,0.514983,0.000217,7,
Jolán Gedeon,Jolán Gedeon,,0,1,19,0,1,1,3,0.43364,0.455387,0,7,
Jolantha Pukánsky-Kádár,Jolantha Pukánsky-Kádár,,0,1,19,0,1,1,3,0.43364,0.455387,0,7,
Förster Rezső,Förster Rezső,,0,1,19,0,1,1,3,0.43364,0.455387,0,7,
Semjén Gyula,Semjén Gyula,,0,2,33,0,2,2,3,0.502538,0.512795,0.000126,7,
Hárich János,Hárich János,,0,1,17,0,1,1,3,0.431561,0.452862,0,7,
D. Koller Erzsébet,D. Koller Erzsébet,,0,1,17,0,1,1,3,0.431561,0.452862,0,7,
Kordás Ferenc,Kordás Ferenc,,0,2,33,0,2,2,3,0.502538,0.512795,0.000126,7,
Boldizsár Iván,Boldizsár Iván,,0,1,17,0,1,1,3,0.431561,0.452862,0,7,
Hargitay István,Hargitay István,,0,1,17,0,1,1,3,0.431561,0.452862,0,7,
Hamvas H. Sándor,Hamvas H. Sándor,,0,1,17,0,1,1,3,0.431561,0.452862,0,7,
Bányai László,Bányai László,,0,1,20,0,1,1,3,0.497738,0.505219,0,7,
Hódsághy Béla,Hódsághy Béla,,0,3,58,0,3,3,3,0.514821,0.529125,0.000157,7,
Garden Lilly,Garden Lilly,,0,1,20,0,1,1,3,0.497738,0.505219,0,7,
Farkas Szilárd,Farkas Szilárd,,0,1,20,0,1,1,3,0.497738,0.505219,0,7,
Móra Ferenc,Móra Ferenc,,0,1,20,0,1,1,3,0.497738,0.505219,0,7,
Fógel Sándor,Fógel Sándor,,0,1,20,0,1,1,3,0.497738,0.505219,0,7,
Hajdu János,Hajdu János,,0,1,20,0,1,1,3,0.497738,0.505219,0,7,
C. Szemere Klára,C. Szemere Klára,,0,1,13,0,1,1,3,0.482456,0.492256,0,7,
Nótás Szabó Pál - Számadó Ernő,Nótás Szabó Pál - Számadó Ernő,,0,1,13,0,1,1,3,0.482456,0.492256,0,7,
Gogolák Lajos,Gogolák Lajos,,0,1,13,0,1,1,3,0.482456,0.492256,0,7,
"Heine, Heinrich - Horvát Henrik","Heine, Heinrich - Horvát Henrik",,0,1,13,0,1,1,3,0.482456,0.492256,0,7,
Szabó Pál,Szabó Pál,,0,1,13,0,1,1,3,0.482456,0.492256,0,7,
Molnár C. Pál,Molnár C. Pál,,0,1,21,0,1,1,3,0.495495,0.50404,0,7,
Gerevich Tibor,Gerevich Tibor,,0,1,21,0,1,1,3,0.495495,0.50404,0,7,
Fertsek Ferenc,Fertsek Ferenc,,0,4,82,0,4,4,2,0.521602,0.541414,0.000531,7,
Debreczeny Lily,Debreczeny Lily,,0,1,21,0,1,1,3,0.495495,0.50404,0,7,
Alföldi Géza,Alföldi Géza,,0,1,21,0,1,1,3,0.495495,0.50404,0,7,
Szalachy Béláné,Szalachy Béláné,,0,1,21,0,1,1,3,0.495495,0.50404,0,7,
Barát-Éber-Takács,Barát-Éber-Takács,,0,1,21,0,1,1,3,0.495495,0.50404,0,7,
Goethe,Goethe,,0,1,21,0,1,1,3,0.495495,0.50404,0,7,
"Chesterton, G. K.","Chesterton, G. K.",,0,1,26,0,1,1,3,0.494753,0.505219,0,7,
Kissné Tóth Lenke,Kissné Tóth Lenke,,0,1,26,0,1,1,3,0.494753,0.505219,0,7,
Doromby Károly,Doromby Károly,,0,1,26,0,1,1,3,0.494753,0.505219,0,7,
Clauser Mihály,Clauser Mihály,,0,4,63,0,4,4,3,0.512422,0.529293,0.000196,7,
"Ádám Éva",Ádám Éva,,0,1,26,0,1,1,3,0.494753,0.505219,0,7,
Hunyady István,Hunyady István,,0,3,49,0,3,3,3,0.506912,0.521044,0.0001,7,
Jajczay János - Nagy Zoltán,Jajczay János - Nagy Zoltán,,0,1,26,0,1,1,3,0.494753,0.505219,0,7,
Villani Lajos,Villani Lajos,,0,4,88,0,4,4,2,0.523256,0.544444,0.000333,7,
Galambos-Gruber Ferenc,Galambos-Gruber Ferenc,,0,2,40,0,2,2,3,0.505102,0.516835,0.00002,7,
"Pillias, Émile","Pillias, Émile",,0,1,21,0,1,1,3,0.487685,0.498653,0,7,
Erdős Jenő,Erdős Jenő,,0,1,21,0,1,1,3,0.487685,0.498653,0,7,
Toldalaghy Pál,Toldalaghy Pál,,0,5,75,0,6,6,3,0.516971,0.536195,0.000424,7,
Kiss Tamás,Kiss Tamás,,0,2,38,0,2,2,3,0.504073,0.515488,0.000046,7,
Neller Mátyás,Neller Mátyás,,0,2,38,0,2,2,3,0.504073,0.515488,0.000046,7,
Kézai Béla,Kézai Béla,,0,2,40,0,2,2,3,0.505876,0.51734,0.000058,7,
"Pirandello, Luigi","Pirandello, Luigi",,0,1,21,0,1,1,3,0.487685,0.498653,0,7,
Statkowski József,Statkowski József,,0,1,21,0,1,1,3,0.487685,0.498653,0,7,
Boros Ferenc,Boros Ferenc,,0,1,21,0,1,1,3,0.487685,0.498653,0,7,
St. Joan of Arc,St. Joan of Arc,,0,1,21,0,1,1,3,0.487685,0.498653,0,7,
Kováts József,Kováts József,,0,1,26,0,1,1,3,0.50152,0.509764,0,7,
"Sefket Bey, Széfeddin","Sefket Bey, Széfeddin",,0,1,26,0,1,1,3,0.50152,0.509764,0,7,
Zalai Fodor Gyula,Zalai Fodor Gyula,,0,3,56,0,4,4,3,0.5111,0.526094,0.000174,7,
Sárkány Oszkár,Sárkány Oszkár,,0,5,71,0,5,5,3,0.515088,0.53367,0.000367,7,
Puszta Sándor,Puszta Sándor,,0,1,26,0,1,1,3,0.50152,0.509764,0,7,
Molnár Kata,Molnár Kata,,0,5,105,0,5,5,2,0.528,0.55303,0.000637,7,
Liam O´Flaherty,Liam O´Flaherty,,0,1,26,0,1,1,3,0.50152,0.509764,0,7,
B. Nichols,B. Nichols,,0,1,26,0,1,1,3,0.50152,0.509764,0,7,
Dömötör István,Dömötör István,,0,11,157,0,11,11,2,0.543061,0.579293,0.002548,7,
Faragó József,Faragó József,,0,1,23,0,1,1,3,0.497988,0.506397,0,7,
Rahovszky Menyhért,Rahovszky Menyhért,,0,1,23,0,1,1,3,0.497988,0.506397,0,7,
"Duhamel, Georges","Duhamel, Georges",,0,1,23,0,1,1,3,0.497988,0.506397,0,7,
Fodor Béla,Fodor Béla,,0,1,23,0,1,1,3,0.497988,0.506397,0,7,
"Puskin, A. Sz.","Puskin, A. Sz.",,0,1,23,0,1,1,3,0.497988,0.506397,0,7,
Meggyes Ede,Meggyes Ede,,0,1,23,0,1,1,3,0.497988,0.506397,0,7,
Szunyogh Xav. Ferenc,Szunyogh Xav. Ferenc,,0,1,23,0,1,1,3,0.497988,0.506397,0,7,
Karl Anton Prinz Rohan,Karl Anton Prinz Rohan,,0,1,23,0,1,1,3,0.497988,0.506397,0,7,
"Brocchi, Virgilio","Brocchi, Virgilio",,0,1,18,0,1,1,3,0.491559,0.500337,0,7,
Koppány István,Koppány István,,0,2,30,0,2,2,3,0.498741,0.509259,0.000048,7,
Földessy Gyula,Földessy Gyula,,0,1,18,0,1,1,3,0.491559,0.500337,0,7,
Sir Arthur Eddington,Sir Arthur Eddington,,0,1,18,0,1,1,3,0.491559,0.500337,0,7,
Baranyai Zoltán,Baranyai Zoltán,,0,1,44,0,1,1,2,0.511364,0.522222,0,7,
"Ágoston Gézáné",Ágoston Gézáné,,0,1,44,0,1,1,2,0.511364,0.522222,0,7,
"Talvio, Maila","Talvio, Maila",,0,1,44,0,1,1,2,0.511364,0.522222,0,7,
Gulácsy Irén,Gulácsy Irén,,0,1,44,0,1,1,2,0.511364,0.522222,0,7,
Keményfy János,Keményfy János,,0,1,44,0,1,1,2,0.511364,0.522222,0,7,
Cavallier József,Cavallier József,,0,1,44,0,1,1,2,0.511364,0.522222,0,7,
Füsi József,Füsi József,,0,2,61,0,2,2,2,0.515894,0.530808,0.000138,7,
Mollináry Gizella,Mollináry Gizella,,0,1,44,0,1,1,2,0.511364,0.522222,0,7,
Dicsőfi Marianne,Dicsőfi Marianne,,0,1,44,0,1,1,2,0.511364,0.522222,0,7,
Tóth Alajos,Tóth Alajos,,0,1,44,0,1,1,2,0.511364,0.522222,0,7,
Kolozsváry Olga,Kolozsváry Olga,,0,1,24,0,1,1,3,0.494505,0.504377,0,7,
Sármay Róbert,Sármay Róbert,,0,1,24,0,1,1,3,0.494505,0.504377,0,7,
"Drinkwater, John","Drinkwater, John",,0,1,24,0,1,1,3,0.494505,0.504377,0,7,
Asztalos Dezső,Asztalos Dezső,,0,4,69,0,4,4,3,0.517782,0.53468,0.000385,7,
Pongrácz Kálmán,Pongrácz Kálmán,,0,1,24,0,1,1,3,0.494505,0.504377,0,7,
Pataky Mária,Pataky Mária,,0,1,26,0,1,1,3,0.489372,0.501515,0,7,
Kampis Antal,Kampis Antal,,0,1,26,0,1,1,3,0.489372,0.501515,0,7,
Bodor Aladár,Bodor Aladár,,0,1,26,0,1,1,3,0.489372,0.501515,0,7,
Szombathy Viktor,Szombathy Viktor,,0,1,26,0,2,2,3,0.489372,0.501515,0,7,
Nyiresi-Tichy Kálmán,Nyiresi-Tichy Kálmán,,0,1,26,0,1,1,3,0.489372,0.501515,0,7,
Sziklay Ferenc,Sziklay Ferenc,,0,1,26,0,1,1,3,0.489372,0.501515,0,7,
Aradi Zsolt,Aradi Zsolt,,0,1,26,0,1,1,3,0.489372,0.501515,0,7,
Turbók Gyula,Turbók Gyula,,0,3,50,0,3,3,3,0.507692,0.521886,0.000144,7,
Kerékgyártó Imre,Kerékgyártó Imre,,0,1,26,0,1,1,3,0.489372,0.501515,0,7,
Kárpáti Tódor,Kárpáti Tódor,,0,1,26,0,1,1,3,0.489372,0.501515,0,7,
Kassai István,Kassai István,,0,3,58,0,3,3,3,0.513485,0.528283,0.000245,7,
"Örley István",Örley István,,0,2,43,0,2,2,3,0.504844,0.517677,0.00007,7,
Soós László,Soós László,,0,8,98,0,10,10,3,0.524364,0.548485,0.000982,7,
Csapodi Csaba,Csapodi Csaba,,0,2,36,0,2,2,3,0.499495,0.511785,0.000049,7,
Szegváry Mihály,Szegváry Mihály,,0,2,43,0,2,2,3,0.504587,0.517508,0.000069,7,
Kalmár Ernő,Kalmár Ernő,,0,3,53,0,4,4,3,0.507953,0.523064,0.000117,7,
Lovass Gyula,Lovass Gyula,,0,7,88,0,9,9,3,0.51914,0.541919,0.000712,7,
Hunyady Sándor,Hunyady Sándor,,0,1,26,0,1,1,3,0.497738,0.507239,0,7,
Vicki Baum,Vicki Baum,,0,1,26,0,1,1,3,0.497738,0.507239,0,7,
Hetyey József,Hetyey József,,0,1,26,0,1,1,3,0.497738,0.507239,0,7,
Sz. Csorba Tibor,Sz. Csorba Tibor,,0,1,26,0,1,1,3,0.497738,0.507239,0,7,
Soós László - Mihály László,Soós László - Mihály László,,0,1,26,0,1,1,3,0.497738,0.507239,0,7,
Halasy-Nagy József,Halasy-Nagy József,,0,2,37,0,2,2,3,0.480349,0.498822,0.000048,7,
Baradlai Albert,Baradlai Albert,,0,3,51,0,4,4,3,0.505102,0.520539,0.000158,7,
Kéry László,Kéry László,,0,1,20,0,1,1,3,0.456432,0.474916,0,7,
Kádár Erzsébet,Kádár Erzsébet,,0,1,20,0,1,1,3,0.456432,0.474916,0,7,
Kállay Miklós - Rédey Tivadar,Kállay Miklós - Rédey Tivadar,,0,1,20,0,1,1,3,0.456432,0.474916,0,7,
"Claudel, Paul","Claudel, Paul",,0,1,20,0,1,1,3,0.491315,0.500842,0,7,
Ambrózy Migazzi Lajosné,Ambrózy Migazzi Lajosné,,0,1,20,0,1,1,3,0.491315,0.500842,0,7,
Mátrai László,Mátrai László,,0,1,20,0,1,1,3,0.491315,0.500842,0,7,
Sőtér István,Sőtér István,,0,4,62,0,4,4,3,0.508736,0.526599,0.000237,7,
Imrik Klára,Imrik Klára,,0,1,20,0,1,1,3,0.491315,0.500842,0,7,
Siklósi János,Siklósi János,,0,1,20,0,2,2,3,0.491315,0.500842,0,7,
Kozocsa Sándor,Kozocsa Sándor,,0,1,20,0,1,1,3,0.491315,0.500842,0,7,
Kemény Gábor,Kemény Gábor,,0,1,24,0,1,1,3,0.460037,0.479125,0,7,
Gallus Sándor,Gallus Sándor,,0,1,24,0,1,1,3,0.460037,0.479125,0,7,
"Valéry, Paul","Valéry, Paul",,0,1,24,0,1,1,3,0.460037,0.479125,0,7,
Rézler Gyula,Rézler Gyula,,0,1,24,0,1,1,3,0.460037,0.479125,0,7,
Hegedűs Zoltán,Hegedűs Zoltán,,0,3,55,0,3,3,3,0.507432,0.523401,0.000203,7,
J. B. Priestley,J. B. Priestley,,0,1,24,0,1,1,3,0.460037,0.479125,0,7,
"Tempesti, Folco","Tempesti, Folco",,0,1,24,0,1,1,3,0.460037,0.479125,0,7,
Petrovics Elek - Dömötör István,Petrovics Elek - Dömötör István,,0,1,24,0,1,1,3,0.460037,0.479125,0,7,
Hadrovics László,Hadrovics László,,0,1,24,0,1,1,3,0.489372,0.500842,0,7,
Bíró István,Bíró István,,0,1,24,0,1,1,3,0.489372,0.500842,0,7,
"Ágoston Julián",Ágoston Julián,,0,1,24,0,1,1,3,0.489372,0.500842,0,7,
Sz. Horváth János,Sz. Horváth János,,0,1,24,0,1,1,3,0.489372,0.500842,0,7,
Végh György,Végh György,,0,3,37,0,3,3,3,0.497487,0.510774,0.000061,7,
Tóth József,Tóth József,,0,3,43,0,3,3,3,0.503049,0.516498,0.00009,7,
Magyar György,Magyar György,,0,1,24,0,1,1,3,0.489372,0.500842,0,7,
Szegváry Gyula,Szegváry Gyula,,0,1,24,0,1,1,3,0.489372,0.500842,0,7,
M. Jánossy Margit,M. Jánossy Margit,,0,1,24,0,1,1,3,0.489372,0.500842,0,7,
"Freyer, Hans","Freyer, Hans",,0,1,21,0,1,1,3,0.489614,0.5,0,7,
Radocsay Géza,Radocsay Géza,,0,1,21,0,1,1,3,0.489614,0.5,0,7,
Csorba Tibor,Csorba Tibor,,0,1,21,0,1,1,3,0.489614,0.5,0,7,
Sztripszky Hiador,Sztripszky Hiador,,0,1,21,0,1,1,3,0.489614,0.5,0,7,
Csak külföldit…,Csak külföldit…,,0,1,21,0,1,1,3,0.489614,0.5,0,7,
Dr. Hellmuth,Dr. Hellmuth,,0,1,21,0,1,1,3,0.489614,0.5,0,7,
Angyal Endre,Angyal Endre,,0,1,23,0,1,1,3,0.449387,0.470202,0,7,
Pilinszky János,Pilinszky János,,0,1,23,0,1,1,3,0.449387,0.470202,0,7,
Geist Gáspár,Geist Gáspár,,0,1,23,0,1,1,3,0.449387,0.470202,0,7,
Kühár Flóris O. S. B.,Kühár Flóris O. S. B.,,0,1,23,0,1,1,3,0.449387,0.470202,0,7,
Makay Gusztáv,Makay Gusztáv,,0,3,47,0,3,3,3,0.507692,0.520875,0.000168,7,
Lehel Ferenc,Lehel Ferenc,,0,1,23,0,1,1,3,0.449387,0.470202,0,7,
Rosamond Lehmann,Rosamond Lehmann,,0,1,23,0,1,1,3,0.449387,0.470202,0,7,
Entz Gyula,Entz Gyula,,0,1,14,0,1,1,3,0.456853,0.473232,0,7,
Babay József,Babay József,,0,1,14,0,1,1,3,0.456853,0.473232,0,7,
Pável Ágoston,Pável Ágoston,,0,1,14,0,1,1,3,0.485532,0.494781,0,7,
"Cankar, Ivan","Cankar, Ivan",,0,1,14,0,1,1,3,0.485532,0.494781,0,7,
Dorning Henrik,Dorning Henrik,,0,1,14,0,1,1,3,0.485532,0.494781,0,7,
Pálosy Éva,Pálosy Éva,,0,1,14,0,1,1,3,0.485532,0.494781,0,7,
Kokas Miklós,Kokas Miklós,,0,1,19,0,1,1,3,0.478492,0.491414,0,7,
Csillik Bertalan,Csillik Bertalan,,0,1,19,0,1,1,3,0.478492,0.491414,0,7,
Dr. Gáspár Pál,Dr. Gáspár Pál,,0,1,19,0,1,1,3,0.478492,0.491414,0,7,
"Ungaro, Andrea Z.","Ungaro, Andrea Z.",,0,1,12,0,1,1,3,0.486965,0.495118,0,7,
Terestyéni Ferenc,Terestyéni Ferenc,,0,1,12,0,1,1,3,0.486965,0.495118,0,7,
Banó István,Banó István,,0,1,12,0,1,1,3,0.486965,0.495118,0,7,
